"ID","A1B1","A2B1","A3B1"
1,2.92602257769665,0.27390210371213,0.0998411702159381
2,3.15316577576649,0.0767270270197092,-0.0290276776521752
3,2.87812295788951,0.288111837185405,0.101168523590304
4,1.62400375322661,0.296414393029572,0.295714789349036
5,2.92918288076625,0.26112337320855,0.062365133183147
6,2.78797037120715,0.34144057794247,0.142633182130518
7,1.72543981920559,0.621996350958324,-0.114166465567446
8,0.965351875735899,0.311595322545414,-0.0606951363783511
9,2.36058220278889,0.252825959589511,-0.0728182779647874
10,2.70150713642323,0.233540099298968,-0.185674681771517
11,3.14938084388048,0.0716252623872769,-0.0522139482520883
12,1.49676884866543,0.203569527698027,0.0733903574048635
13,1.73409879518663,0.41804579150439,-0.0484882497798686
14,2.71469320638266,0.392829947122393,0.166103797974453
15,2.48417261713136,0.182161873381087,-0.134468488653209
16,1.34289605376451,0.425268760728319,0.00476386313533115
17,3.08344408193107,0.139171072739096,-0.0064708903006943
18,2.78810034035968,0.287663334956437,0.0599693618410129
19,2.76447810949487,0.350821631304037,0.0960378184672293
20,2.74945537331083,0.342056422717058,0.121556118877764
21,2.67051619405231,0.364603912117746,0.138998845515896
22,2.30462963406759,0.437071136858532,-0.0251985869413693
23,1.07076274433795,0.620388054500591,-0.359454671532741
24,1.57315011189854,0.373343786518051,-0.0993681613117209
25,2.18852134970512,0.351252157257446,-0.011245899748376
26,2.35725881576685,0.497430865491431,0.042760412372924
27,2.41933658714014,0.137560176238572,-0.0241743321724403
28,3.07395385627517,0.160234039327485,-0.00227406376382984
29,2.27883749061564,0.385892086724432,-0.135975682132858
30,1.60625695737594,0.454863730388109,-0.180693692216692
31,2.05218883010193,0.46429720120193,0.0703275183225915
32,0.340899249404462,0.368382163617042,-0.218562662701129
33,1.74526005023853,0.615177488210908,-0.0353294728732421
34,2.87082154438747,0.334289613205582,0.12422416298096
35,2.73941395310634,0.313898163478809,0.100127394901048
36,2.90329498093255,0.259774998273232,0.0688875682489257
37,1.22664432479771,0.420735406975473,0.0503407957537816
38,1.29729743958942,0.524324696354344,-0.190780696964443
39,3.11610394650513,0.150682496238492,-0.0168976501289811
40,0.532972846476427,0.226512818757402,0.10554403413798
41,2.81246173300111,0.333604318010449,0.100606317337031
42,1.61547152481166,0.00262009976636125,0.144646599605795
43,2.86691028516514,0.295017139199712,0.0851107521580971
44,1.41592544637671,0.471056699773243,0.0341365887164504
45,2.24294518665804,0.33903415372389,-0.0271259084451105
46,1.74504231647798,0.258796522395323,0.0224682552365052
47,2.8942133969786,0.272380371720831,0.0405278598281657
48,2.32630454204184,0.305795747988442,-0.0289279034972707
49,2.2289668346914,0.407681804312495,-0.105197405762588
50,1.67644277035141,0.441748517792062,-0.0667185603853257
51,1.98249774731972,0.352653645665121,-0.00982753640342878
52,2.99261261173868,0.24664799276658,0.0936863443541783
53,0.996952227628353,0.534097676762339,-0.0360524534763672
54,1.93390004547328,0.44137017715001,-0.233122686393661
55,1.73100899925533,0.17907953929819,-0.107628440926954
56,1.92813504244523,0.338363281721815,-0.149110330291835
57,3.00344140314356,0.178748237728633,0.0438485124588399
58,2.40645405468303,0.389325821094075,-0.0572356002414667
59,0.846674318894665,0.546295798446588,-0.196531970072511
60,1.09723642610544,0.391912358325106,-0.050752351872277
61,2.05423368650021,0.615488200841408,0.0494390026346988
62,2.84321031288965,0.460188826549272,0.320031261072265
63,2.00337569168274,0.389826450178722,-0.267177596731561
64,2.67121390092697,0.359706633655602,0.136041507647276
65,2.92675901519293,0.241664238976666,0.0414033738424424
66,2.88273089489852,0.245748176432811,0.068230092358044
67,3.08847924474731,0.256501247649081,0.13301169175835
68,1.71148922656477,0.719163719384849,-0.0959980882001014
69,2.01579699992816,0.592927378330589,0.075023634548741
70,1.08057654318636,0.620531079700409,-0.229941215147464
71,0.772529062418032,0.460107485719561,-0.151307254208551
72,1.97888473696803,0.398230239813977,-0.041339918273012
73,1.47835297012121,0.650493274082148,-0.181519191802948
74,3.11640387969598,0.215512735160618,0.0624668211942655
75,1.40878965104461,0.3686287756051,-0.0512497776814758
76,1.75853257172511,0.525158704356145,-0.0683958134291409
77,2.69335236218367,0.430523587586626,0.226790241096782
78,3.0440606228927,0.344103096029695,0.175391448408776
79,0.148317671029284,0.316556191012826,-0.0617240300052114
80,3.11680131933945,0.142053045270862,-0.023456234418723
81,1.72975327025529,0.284734605865926,-0.128266603260147
82,2.92039461810615,0.267909793955899,0.0498854068286875
83,1.38938402221747,0.168010931170469,0.0689128306703405
84,0.835928223889018,0.461922740309102,-0.105197757086189
85,3.01739277758145,0.230789536847068,0.0255794099694113
86,2.12434022848503,0.429962403440396,0.130483786536725
87,1.60292169097041,0.418981504415565,-0.223691602235628
88,1.3497931104164,0.125917403680865,0.281468846903938
89,0.866296841784475,0.30150602867494,0.255284738719558
90,2.60738397870576,0.444289780489071,0.169006355873529
91,1.96500296732945,0.549449453021261,-0.0227649456658241
92,3.0466543019416,0.163805282604127,0.0214988902373536
93,2.64417424349723,0.414560601102777,0.165840834359876
94,2.94007519583493,0.243978418136138,0.0403548077554187
95,1.88787196926996,0.398944532198467,-0.0820630229245567
96,3.04396473799307,0.192283544715431,0.0162806079171194
97,1.28633731896526,0.463584081985168,-0.206110305646568
98,2.28134230002507,0.464529049065917,-0.0181051405501119
99,1.79175641936699,0.290403733875225,-0.151715170247886
100,2.31877472482466,0.254728921091446,-0.0559099703117562
101,1.77812741752869,0.298163656184335,0.189502645174223
102,1.45089931175011,0.215992262794232,0.0937491072175308
103,1.63747510081372,0.493951191419636,-0.00851758462692751
104,2.61141363391134,0.387427732994886,0.146376301486614
105,2.775976112086,0.296806801220041,0.0956160903085539
106,2.74708754950412,0.397658938429326,0.159143723761226
107,2.05581799937344,0.339035946405504,-0.00572692116167636
108,1.71928248121151,0.546404806239481,0.0307808568788135
109,1.56216589792174,0.490978010181307,-0.160705001778555
110,1.84725773513611,0.489849224679438,-0.130722089552284
111,1.66291900288553,0.413889694674704,-0.265986982902826
112,2.23471994334572,0.237055341512065,-0.031531499377067
113,1.72322667166332,0.237104634367623,0.0322001134803931
114,3.09270881674607,0.174735826951191,-0.040984758460571
115,2.49585516389048,0.301889874251885,-0.085728378575453
116,2.60156683015692,0.297126963953805,-0.169818754575697
117,3.01551148200435,0.251523764793891,0.103499353759079
118,1.6577012987209,0.491389136648259,0.0381827794033433
119,2.02540813557918,0.607987763990707,-0.00560804195625604
120,2.59709170261554,0.390013111063614,0.0573163687794455
121,1.73777825744997,0.444630760578369,-0.22964197862186
122,2.77632169966798,0.408459671991763,0.198488502569291
123,2.12987393447986,0.26571437785455,-0.00225253035662997
124,1.98141397658114,0.254491821143745,0.120118975268106
125,3.07782754404356,0.2103610151537,0.0751962990597416
126,1.11781919965375,0.302213547337104,0.15898678516844
127,1.83721493570361,0.570207316180334,-0.112325515453589
128,2.54264475612397,0.490994686572419,0.23217944465888
129,2.6658505443275,0.305622024562529,0.00297764049033852
130,2.76693935205552,0.301780644219555,0.0806126357758765
131,1.56868333214725,0.559836707482859,-0.0210316406850772
132,1.55124220802365,0.143567248367131,0.0725253860223032
133,1.5914087638086,0.35860206944943,0.27535387373723
134,1.65063757713389,0.459121464859213,-0.121854116272643
135,2.91401810114691,0.316725168628732,0.116891327945138
136,2.95749150166195,0.237706152755419,0.04924373842131
137,2.86266742200597,0.389771337036478,0.203555295996678
138,2.86966242242135,0.24028763138694,0.0759313040689045
139,2.16854607208087,0.108364380647396,0.128674570878809
140,1.22523270109487,0.406697045714412,-0.0766667405221595
141,1.62284133361588,0.164908510039669,-0.0202315794729275
142,0.922795661831252,0.23583291867299,0.0184843042601028
143,1.38005358326909,0.384003726626156,-0.0349819508731505
144,0.363866260809383,0.19818372204209,0.0809816389478984
145,1.28431661118719,0.3731216060597,-0.0400233332155144
146,1.02027329514111,0.126133436150026,-0.0134079842099067
147,3.25932986781305,0.0786458535736336,-0.0621237393797926
148,2.91972357561181,0.281936504783717,0.103234564506736
149,2.97046392772002,0.335229433314231,0.178943907482921
150,1.87657454918089,0.530533067826286,0.0720394763998544
151,2.92192256534243,0.230063278284575,0.0557242273832744
152,2.45731775876933,0.361645886858446,-0.0709562350927159
153,1.8548850132839,0.235553001458264,-0.0100294391404374
154,2.08411166409216,0.459961306003069,0.0535100815673243
155,2.73546879735071,0.35833200295289,0.116397971852106
156,1.12271286819565,0.484089189645935,-0.0566409359766222
157,1.41866757956901,0.531135056239347,-0.221827427459028
158,2.07124449793733,0.502327325687884,0.0788703676076692
159,1.69954601741177,0.448508015943262,-0.0438628261202017
160,2.25478332599107,0.294100774892653,-0.00687905291375477
161,1.9539445729609,0.253506196581559,0.12591211219916
162,1.35835347117201,0.223689473018773,0.0409503614763815
163,1.29664621827652,0.720310131565956,-0.30721934893302
164,1.81896199748814,0.365384373724635,0.0106964312936515
165,0.827456037562577,0.54727008403586,-0.221443708958849
166,2.29510728024418,0.51156635414815,0.0216918291736248
167,1.76232666993631,0.0638047800104122,-0.116459720435062
168,3.24901111872075,0.0559614500518663,-0.0737265169458619
169,2.76378837142314,0.325367989215494,0.0993349267957852
170,2.5257396079541,0.207631632281768,-0.0964889142894143
171,0.738156225702403,0.202853539846769,-0.0796696581699487
172,1.35252527525885,0.515636608052432,-0.264603023281403
173,3.02234964339445,0.139625810072812,-0.0439389420002126
174,2.02148929305649,0.524871856545649,0.0757866535856017
175,1.60213452386636,0.386520761921345,-0.0105128158612229
176,2.89626869003914,0.333724903018713,0.15014828060974
177,1.18448225315843,0.32339673633602,-0.088271612119753
178,1.1007999679054,0.305755488325072,-0.00379684545051559
179,2.25135116944986,0.146006958929608,0.0390319305049189
180,1.13607299291142,0.162836054763548,0.0187681009253414
181,2.90016894520887,0.282170420765411,0.0918343665089693
182,1.99899673803551,0.472625476128347,-0.0145093061889518
183,2.36972004824213,0.285876375802314,-0.0720871163466752
184,3.11677458325071,0.163288670997967,0.054797869446654
185,3.1177480366974,0.111248345167421,-0.0208190301893822
186,1.76822703737365,0.475712909350502,-0.0761217210917424
187,0.258675127532681,0.461959118888124,-0.104846457923697
188,2.83822281672621,0.25427433892636,0.0586079604335518
189,1.72051834540496,0.28101715537778,-0.181138333200939
190,2.8384045437669,0.312873021151131,0.104575518889363
191,2.87777320649808,0.440054686179374,0.23676278425365
192,3.0304744896712,0.24510507175206,0.0684289805722602
193,1.57823042673486,0.357763939265248,0.00271188495561222
194,2.79343738796771,0.314087910572637,0.0924125687931633
195,2.29420454921608,0.454768755501809,-0.031154433525317
196,1.92677943604607,0.377329196268943,-0.147205528442047
197,2.07742620676741,0.242667031088281,0.130839187042741
198,1.95418911130211,0.448953257928077,-0.092598829219056
199,1.33999445200774,0.59049273235135,-0.150808941767647
200,0.749043729778743,0.541155073172724,-0.269704756956515
201,1.36130899235751,0.620484856808203,-0.422747497926869
202,1.6263437654784,0.625798062897242,-0.211913939662127
203,2.86311570687925,0.271998772374455,0.0858781192652467
204,1.36143829709012,0.328224362112094,0.0604433715754124
205,2.87250503157048,0.223080324541892,0.0549817336509242
206,2.89574390662237,0.261807897857111,0.0697465879364258
207,0.0337960109123316,0.31628402727721,0.0128276002778465
208,0.118338339645082,0.288572200927006,0.0161353498545885
209,2.8233049867894,0.318307020809039,0.106291830478297
210,2.52847934580986,0.337769976722298,-0.0392709923686438
211,1.95083038667103,0.603946176044185,0.000871604637656081
212,0.604379051952049,0.396846548066229,-0.0938191851463049
213,2.55986253626342,0.452817289859836,0.201628097482079
214,1.60207372409244,0.451146118215649,-0.150451195635226
215,0.833733153263647,0.374859878372683,-0.0318112234968548
216,3.19467083289843,0.12092229785253,0.0150326837989288
217,2.65926317976215,0.352467802892025,0.117115197257713
218,3.07156178543414,0.144387193893792,-0.0210023268839551
219,1.18884238289375,0.305746247509575,-0.0228245117563025
220,1.9203362465693,0.584932743314547,-0.24461084870867
221,1.27326545228023,0.400840446595068,-0.040803391603763
222,1.45610967182314,0.188139104944741,0.13714101882023
223,3.05980832441235,0.196500618313595,0.0365482586688276
224,2.86772031663461,0.25396218504602,0.0708032822681503
225,2.64647620171274,0.335274509261963,-0.0336658644956531
226,1.60424766031346,0.249869776471453,0.168468309630386
227,3.17900179724708,0.0796569032778711,-0.0558834471138865
228,2.50214698400787,0.371882348541186,-0.0442211368639794
229,2.15225882023571,0.311812487282537,-0.020554023865964
230,1.09443001647739,0.0905656645402209,0.126697356558303
231,2.7297986196672,0.374906258731838,0.146523019444181
232,0.908278884957862,0.38754948529984,-0.192049407369399
233,1.65127256813744,0.514398115362736,-0.274445270490523
234,2.81353447500159,0.32517238734889,0.137776621105024
235,2.28447707760144,0.478615251517537,-0.0410104737308281
236,3.10546765723951,0.158944622500491,-0.0121210985104061
237,2.90613490433597,0.270703840031052,0.102077254981108
238,2.83863306439945,0.302011586582423,0.0741963496350016
239,1.32131514187651,0.473635379807285,-0.0815991997714992
240,2.38481983980545,0.231367520673151,-0.0936249402243658
241,2.39343986865142,0.393443847317327,-0.0158320186724206
242,2.0698882348849,0.465008106123454,-0.0569563408801181
243,0.962961633194337,0.231999457478299,0.116074184471504
244,2.71299406797995,0.383060600039031,0.107114920774845
245,1.28200231771888,0.413849346813239,-0.119975939317161
246,1.46602412115361,0.656854326117853,-0.187526451538538
247,1.80441979193772,0.637136817879441,-0.167127961092355
248,2.31789107039528,0.405360857618754,0.0839888060606472
249,1.50976678186559,0.524852016204942,-0.182381572456144
250,3.01168153512878,0.275904008707974,0.114848918817263
251,3.00362069599247,0.216332808631826,0.0373422079787082
252,2.63538769338041,0.409126059742581,0.193311937108646
253,1.54864545969843,0.570550884684465,-0.240476386682617
254,2.52898670803065,0.494775742891958,0.191568394076849
255,1.66917383822903,0.387021632046068,-0.0432464188229398
256,0.778124488058751,0.545193600584558,-0.192415901273178
257,0.499585895314907,0.376065274291438,0.0997853341909272
258,1.63709551211935,0.376036920529021,-0.00852840097614955
259,2.86419396302587,0.290753176316943,0.095344856178124
260,2.72264807113412,0.389356629866689,0.148079112541945
261,1.42768706584577,0.460121311273032,0.035834345460855
262,1.25092264308592,0.213402474836409,-0.0919262944083374
263,2.12627029392989,0.440911498233479,-0.0365576020436819
264,2.21833836109241,0.29353445851503,0.133387505831321
265,2.96524489503342,0.236515628263736,0.0853919708917147
266,1.59196533527501,0.327419847114589,-0.242035431751314
267,2.18468437162871,0.323481575804001,0.0233382806302765
268,2.96795244308404,0.363859302653573,0.185310679098797
269,3.06160263606442,0.270316342655521,0.120613491527373
270,2.88416975920161,0.422542888594931,0.249355938944595
271,2.03070604660986,0.533343076348787,-0.245482422611847
272,2.6812205209702,0.435411388946614,0.181429358699708
273,1.20312204790506,0.366686900311084,-0.339524274099354
274,2.93140985473503,0.247658313347574,0.0680783269111334
275,1.78249117575581,0.38722193624449,-0.059972526075035
276,2.05161589032882,0.0703762949115865,0.274285256764785
277,1.44007134444601,0.744873661285044,-0.125216880958254
278,1.04793033073609,0.526757382294252,-0.033900814880926
279,2.33410188661302,0.409482276285303,-0.0771514045414487
280,2.89796000414982,0.362395462316203,0.197626297782999
281,1.92149770762548,0.477795061576967,0.152533787050483
282,3.03127424718772,0.211626884510942,0.0638777637247082
283,0.719495831974764,0.337069067919141,0.0299239643622162
284,1.37449466511524,0.237452439676085,-0.102149917776958
285,2.8591129745683,0.413875636177404,0.202097589154917
286,1.57583116706722,0.313517960653374,-0.115407336273862
287,3.20496815732361,0.0943415058858177,-0.0525608670678395
288,2.71151163718968,0.382027240519888,0.163111637957455
289,2.93078798520808,0.286806590551781,0.11044631073655
290,3.03499718017421,0.26706635960338,0.124187255267465
291,3.03828683676316,0.14656438896449,0.0220842576580039
292,2.32856141234392,0.324019128126853,-0.0954448510594455
293,2.77209448619893,0.364654257195234,0.186082520118562
294,2.00285490262192,0.213221829780571,0.0895945328874554
295,0.451586337009469,0.416402741151068,-0.000104644450055795
296,0.550138384516755,0.480179926082038,-0.240897914992984
297,1.67837965409141,0.429572739477815,-0.295454627926738
298,3.04342135968918,0.165008356218871,0.024334126960103
299,0.954189383511601,0.455283399592558,0.0558173026500332
300,2.92683083018037,0.288248581673295,0.102308884253429
301,0.453707384059235,0.249078879295896,0.0459036291375789
302,3.12853406141248,0.101566453823869,-0.063927388066332
303,1.48456372925005,0.379763869774619,-0.0631877080382978
304,2.96511552938154,0.295521238984388,0.131706899075793
305,1.24440209492977,0.436394224295312,-0.184063090359787
306,1.43709709540414,0.485177343447524,-0.179694278382523
307,2.28792796508181,0.433710410749456,-0.0490608497491067
308,0.935304491611032,0.28232710382057,0.0740430361886291
309,2.83684318374946,0.284156272321643,0.0678428772754211
310,1.44690503058384,0.379406693596959,-0.0945733200624742
311,1.54336431310318,0.516066038144252,0.0645817243732631
312,2.60397692558861,0.505441786129748,0.237997333950662
313,1.60125392248713,0.265811746037981,-0.0170058212988387
314,1.65412678031072,0.297911443177859,-0.180685520293561
315,1.79252047654957,0.570415283638662,-0.193903090361167
316,1.60098672521117,0.491998988800528,-0.187175036032116
317,2.14655669896389,0.207709039408469,0.0263143537199489
318,2.65750451916181,0.420395040426656,0.167882808699425
319,2.00020461776947,0.367564225532429,-0.0730582622341345
320,2.56825161104569,0.470101352972601,0.196246292883332
321,3.02197964602876,0.206703941162179,0.0801595719050582
322,2.65529385691319,0.416711929044725,0.190330422810025
323,1.76564446682144,0.390711806954629,-0.0786733267689595
324,3.11437011690023,0.189513833390303,0.0481584317291701
325,1.72522905059543,0.3524358132157,-0.0855301375133929
326,1.71928816981499,0.309269747614828,-0.214347947810982
327,0.863521067434948,0.518862157319649,-0.130336551886956
328,2.30082316030507,0.242157926373192,-0.111713385373145
329,1.95670278638265,0.474702069838333,-0.0745775457559994
330,2.79761188525119,0.416863103483984,0.221603986657134
331,3.00789238768124,0.178522770533567,0.00837448187275566
332,2.09191272712588,0.315812613552766,0.139982585567785
333,1.7705818086116,0.27350741581215,-0.0679853944950526
334,2.13812796899575,0.447639106460203,-0.229350182838485
335,0.949762604071148,0.342464334476991,0.0245335686340862
336,2.87710361198094,0.288970571962516,0.0759138522885221
337,2.7256772745749,0.332044056675523,0.0939637328137542
338,1.244948841991,0.610676149854035,-0.182664340585123
339,2.96406177193417,0.200585330869096,0.0208265549085977
340,2.58701412344867,0.368591961436529,0.144235363645209
341,0.73997742142998,0.48612398157406,-0.121748043247662
342,3.01534540690491,0.187471293501156,0.026871447831512
343,2.06280123430438,0.365958479801878,-0.157634268560076
344,2.35817908359815,0.115098105369248,0.0705968027705522
345,0.33059073235295,0.228464102107216,0.0398135428267244
346,3.09425628429986,0.163551947860765,0.0154031018285257
347,1.89708090459573,0.506485051822652,-0.176069002254686
348,1.32232743512333,0.449175685596624,-0.215779586808208
349,2.72612694901035,0.474063229806612,0.267066820943693
350,1.93139717287471,0.237998741424541,0.198478202249956
351,1.99619930602867,0.297511145535548,0.00622763088255085
352,1.31458064672282,0.2999874988148,-0.198421797466865
353,2.07596329901795,0.524833321282148,0.0687121665022147
354,2.29052608719168,0.40827922493792,0.0283843012647676
355,1.32302928473538,0.372755211865602,-0.101060037080178
356,2.3773624416492,0.351486520389824,-0.0491269201280038
357,1.6346833481109,0.123585968438668,0.0293434159949305
358,1.94760029112981,0.524495079962464,-0.262805078564919
359,2.48156922043051,0.404004893678408,0.0225880628028601
360,3.18233235760848,0.17192555472174,0.0266418215642613
361,2.06265146153978,0.179776868334067,0.13101970832622
362,2.02036934724311,0.32766622930804,0.163842464443309
363,2.5273070245368,0.450710577016907,0.206522375734914
364,2.14699063214156,0.435079431157089,-0.155479494638308
365,1.43091456274026,0.262752503673475,-0.281691573444862
366,1.05930767419669,0.285166248805086,-0.109420804938797
367,1.06938299365362,0.545098291421782,-0.205465582250135
368,2.30190079723513,0.416204474220588,-0.0899373004490483
369,1.65302287043272,0.414594770561319,0.00540163177317295
370,2.89144951704241,0.326689591564696,0.141194442892685
371,1.13372047826839,0.316138460107107,0.033086128401494
372,1.88866926338307,0.509251700959558,-0.0157489673700468
373,1.27046956971582,0.406361629726647,-0.0165375482665015
374,1.38593271042819,0.44582030749833,0.0108619644004169
375,2.93688325287322,0.228358410622425,0.0429839957656573
376,1.65893058848285,0.521599080576952,-0.0465616030864225
377,2.55837570702399,0.418211573323246,0.0284915446042019
378,3.02999415469495,0.307767804030475,0.159636086622221
379,1.62464514803755,0.442129179543717,0.0450433569499066
380,2.91622665656016,0.267007278144975,0.057330535176305
381,2.96484273545299,0.284201497075951,0.115482318081377
382,0.904705696931191,0.353458042515126,-0.0258100447251574
383,2.04216201079607,0.375157752520565,-0.23508519641833
384,1.77947315852113,0.17176395703916,0.00868883606329244
385,2.72714074347885,0.330451813106096,0.119603579652742
386,1.6895941054326,0.222062674518091,-0.0301325826632155
387,2.00417958751064,0.336811996061268,-0.138236534760882
388,3.21337181261643,0.128332361646438,0.0152586478061576
389,2.13825028776281,0.396325255260538,-0.0993172627296562
390,3.02407360101265,0.158330575858013,0.0040470195657633
391,1.81923457485984,0.362715850101395,-0.220946574573135
392,2.06358386922456,0.606538857205034,0.0490753635497728
393,2.94490962802373,0.286136079792417,0.0955343220302105
394,2.52288745413055,0.322520124030346,-0.0308207834714037
395,3.09831632678585,0.197373047233298,0.0521608977247166
396,2.19368989629471,0.176031531711267,0.125545011602169
397,1.15902819669948,0.527027418654285,-0.029695971003048
398,2.13645271921897,0.212815308537552,0.161800391077274
399,3.03607034667285,0.296168676222723,0.15450371476956
400,1.42965134811779,0.153885622403681,-0.165701152553439
401,2.53688071879907,0.432139555826138,0.158924133187136
402,1.58414405411896,0.0813578349098998,0.056065605484416
403,2.32151049328799,0.297272614250675,-0.0637541394147685
404,0.623740921098268,0.117290527412916,-0.0198266805781247
405,2.23635275795254,0.347211009622661,-0.0295944838629811
406,3.01879737960123,0.212367709314173,0.0126135412517996
407,2.6628033807441,0.47799648461948,0.220864427874747
408,1.59087148776999,0.187224301247577,0.0034343279214744
409,2.95751510295181,0.298798616153616,0.178845175287865
410,2.78851285499746,0.33225681388522,0.0881509879008043
411,1.33484888310372,0.47311827107504,-0.132752392366637
412,1.71724329585175,0.445125362072038,-0.0863546853706906
413,1.81670224486161,0.13259724123249,0.30571190692543
414,3.22896281106997,0.0109786170547331,-0.149352586625504
415,3.06042583817265,0.128564690151746,-0.0258915828605622
416,2.33178020099277,0.417241348345897,0.0172953666317059
417,3.07762104635116,0.187727318843667,0.0515379848885719
418,2.97411371012119,0.300835590884008,0.110468877653739
419,2.27899263836324,0.494795801288733,0.00433758887104043
420,1.97079871697014,0.472114127103233,-0.198547034348905
421,2.26614504036868,0.437782914449744,-0.02523726394032
422,1.76756579579319,0.246746904313869,-0.0813366720786145
423,2.77911213767608,0.324747947288538,0.11625244010059
424,2.78537333112442,0.340531920729774,0.144057675827535
425,1.92740905898189,0.520084300898908,-0.0941043369711292
426,1.40791896601657,0.177502606914417,-0.153287455208359
427,3.14934647164175,0.169908859100338,0.0424046251527776
428,2.63075396842621,0.368453023055138,0.109725711895339
429,1.47021096773403,0.722821130809377,-0.115198524181281
430,2.20858902202851,0.502505210273828,-0.12119922465251
431,1.03414131005758,0.220711808632072,-0.00193129198662561
432,2.44071982229694,0.426612336270883,0.159636719161976
433,1.51263679246712,0.129607481966206,0.0729158640457899
434,2.96729208827946,0.254587634904802,0.0685069323657402
435,2.66876096780402,0.373388733970971,0.142520015369846
436,2.54298951082082,0.432854201907862,0.110239090262214
437,2.57571815511768,0.29937392820714,-0.0135053970849341
438,2.8722131724465,0.367105198346739,0.211319165746487
439,3.01905037158966,0.232875703223361,0.0726362128790024
440,2.32668105193808,0.282019274718067,-0.000432956757094805
441,3.08955219857913,0.151284478853207,-0.00522108852931862
442,2.1085680270256,0.252127579615858,-0.212552974746023
443,1.67453104692619,0.582681542814078,-0.11596692833921
444,3.12492829035575,0.213419804317226,0.0761827365270907
445,2.93664768966366,0.244181374821798,0.0895441509596083
446,2.05243794218525,0.382519895393785,-0.216151906808345
447,3.16692679246728,0.175989182750393,0.0535334759011974
448,1.57101394999595,0.585247867711149,-0.107660775757051
449,1.54064593197461,0.494261336401041,-0.0435651980181398
450,1.82514768475427,0.417839074100056,-0.299721596841604
451,2.3218449890196,0.462716716174085,-0.0252765611630408
452,3.02944582171596,0.229564077900698,0.018998060900941
453,2.75575762413278,0.373361771147865,0.181760448416097
454,0.934412961745807,0.415136946588556,-0.284588108849967
455,1.73916671376374,0.498512599878293,-0.147370097107653
456,2.68592696367055,0.412231915130954,0.168830393154188
457,2.66810185217617,0.389438550670526,0.182029050865808
458,2.92241876495545,0.300706698406785,0.121492873154563
459,0.914319353857405,0.27685532486395,-0.0823894154968054
460,2.16906570997054,0.241633166984176,0.221481603540867
461,2.19658953568244,0.190146556499065,0.0356272054008905
462,1.6768002599216,0.509167349506922,-0.120332868625937
463,0.216839133763848,0.379065752014373,-0.0473150670185652
464,2.93618368615288,0.212839227412857,0.0449404466146123
465,3.0195996591748,0.245570021860059,0.0753832256330318
466,2.56689789641769,0.452689869826142,0.176163711795806
467,2.35593479608095,0.37594702143988,-0.0126490309655448
468,1.58901847138063,0.35140210082677,0.0854495526985175
469,2.09212464098905,0.433121831534503,0.0219143833794982
470,1.66257229247134,0.62895504105869,-0.0816471349799578
471,2.88001505611593,0.307842406115133,0.115685936160554
472,2.8790616029124,0.220954161310823,0.00922986132362721
473,3.00987338740588,0.178798712110383,0.0162427259365528
474,2.99048935280392,0.248053001679,0.0299477976022552
475,1.9378266152549,0.238179343225328,-0.154383045334803
476,2.99896466138047,0.172378009399069,0.00266450164920993
477,2.27159633112753,0.0797245098049849,0.0453886330367145
478,2.26658935913999,0.464568073549216,-0.0468238376124272
479,2.82113018874733,0.365208765434377,0.156451521671133
480,2.96047439035386,0.230470597353786,0.0730583056815341
481,1.61535767954775,0.46541699771644,0.173117034699995
482,2.99779593414369,0.244806999318903,0.127035466567696
483,1.91565481862373,0.557476333995026,-0.147190616369837
484,-0.273829433217651,0.235224057075832,0.0808419419638942
485,2.66148636514245,0.350120120662774,0.104958146127827
486,2.89974335006021,0.23193824634664,0.036280515768726
487,1.5247720588126,0.466332574451956,-0.272316472126889
488,2.05331322928181,0.453855182453855,-0.00776479598408905
489,1.21131187619938,0.540359227311708,-0.232989135508414
490,2.78654695234347,0.357650680153162,0.12651554775624
491,1.57921602310359,0.508899025915944,-0.0904833805403686
492,2.94839726523243,0.240667381973698,0.0697679473163889
493,1.71803374952752,0.538604859166924,-0.195933307212062
494,2.94058351346687,0.246354689619946,0.0537853842963283
495,1.71592589397836,0.347975097793859,-0.0992683114733561
496,2.94992399589377,0.247771590222435,0.072094139991444
497,3.23485248471929,0.126850150586816,-0.032821035874339
498,0.508021829853061,0.279943262515492,-0.038550050952478
499,1.54649002719728,0.511430359298546,-0.228887576860602
500,-0.0460109194275366,0.135991704829486,-0.0561542384022822
501,2.85541436850739,0.279574829353653,0.123306963057102
502,3.01047902206995,0.160317516314726,0.00994720020323644
503,2.33247334453277,0.384467273003485,0.123648028669252
504,1.44773965762944,0.383489230312823,-0.000713751342593062
505,1.82119365925606,0.5891422296419,0.112402816654065
506,1.84094432391206,0.36793397423287,-0.111571096588979
507,1.89357414285912,0.582354921136432,-0.066139392223675
508,1.49087092689185,0.524536927284853,-0.108896301442856
509,3.10940330613757,0.199009548585551,0.0486651924046275
510,1.52686351585208,0.443891923200343,-0.158372604557744
511,2.76277909930004,0.397959492927298,0.166892740255201
512,2.89602886605965,0.319869072488491,0.100113226933998
513,0.894486462302509,0.454770195529377,-0.117398189501376
514,2.14985417685131,0.484348456088554,0.0267976666492609
515,3.07299293730661,0.17903879393856,0.0354559157564885
516,2.00852589020728,0.514896607829173,-0.16072331012611
517,1.55543335044215,0.515436185038077,-0.0282436107971927
518,1.73615096198517,0.556488809071402,-0.15746251392985
519,-0.0663627757156083,0.212326591524567,0.0180074148314313
520,2.65260891793191,0.438852137737217,0.204454722729384
521,1.59547876298862,0.441086560673195,-0.0736945051923411
522,2.78432419824369,0.397372189194617,0.203843518582703
523,2.73790018260925,0.354669383940989,0.135302460438324
524,2.35584021831566,0.0330447058338482,0.0213699580888517
525,2.70647305123293,0.192150312692533,-0.200153716503329
526,2.19005663049054,0.4126826062858,-0.136779524641845
527,1.46735849146865,0.38202857281058,0.00246477111261089
528,1.57092835379976,0.525084808488665,-0.241779229710447
529,0.960436694940556,0.223698145928513,-0.161665238035419
530,1.50011710854615,0.478803796978371,-0.0718819930129006
531,1.59342605743052,0.543054132209062,-0.00957590165764132
532,1.01319554273379,0.280821571782652,-0.359556778479822
533,1.98294708983971,0.162923690056651,0.347720957364284
534,2.67809065602008,0.309113219497699,0.101291316062
535,2.90189121442388,0.308793421893108,0.135706546211067
536,1.65685586310511,0.144092497402832,0.0275432020863647
537,1.99158045896016,0.560950033478796,0.0211538936288146
538,2.11221618469957,0.360099545904407,0.0890614579165938
539,3.04748977336392,0.218678698503036,0.0660540974340987
540,1.2518867972363,0.259451524651324,-0.095102529217434
541,3.16582848467651,0.133460962911353,2.63602284516018e-05
542,1.68864869144867,0.533993611590306,-0.135313828799552
543,2.37693235802891,0.103617453725904,0.00437449694104471
544,1.49029394608965,0.380200448999308,-0.104804587518685
545,1.1389254248428,0.55269092997393,-0.126332298062498
546,1.76778785974647,0.11110182213681,-0.0433729282853922
547,2.61914425811569,0.364179055778029,0.143856421845564
548,2.64571795375727,0.454489362556979,0.213756510420509
549,2.67057036593204,0.393483075094349,0.170476966383534
550,2.88799541471761,0.283911806901889,0.0989466709865549
551,2.81318082829701,0.292683999695486,0.123065458526788
552,1.74814647463797,0.114231626562097,-0.0394944303405533
553,1.28598433610451,0.355122258136879,0.0565817605642447
554,2.44555143639151,0.229219536081705,-0.0349146026649872
555,2.93517371859042,0.249801530795285,0.105360360921012
556,3.09457515619353,0.192036785798702,0.0473696575697822
557,1.34456869056421,0.542986538553053,-0.119646264936445
558,3.14916329267717,0.149990969151762,-0.0207951214244742
559,1.447959325183,0.3177591945373,-0.0252319231910967
560,2.20239241910105,0.472651428381069,-0.0213398958734796
561,2.96007998918056,0.242342257952677,0.108804039577807
562,1.83591581356919,0.596951826779345,0.0207005975202381
563,0.741160595317056,0.611829064235249,-0.275877923128204
564,2.5587262730579,0.464535382184917,0.212953470680363
565,1.01596448205331,0.353860855707835,-0.447851556219896
566,2.56960068291362,0.311440551733751,-0.0278981941441249
567,2.29215973890889,0.4087822698184,0.0109137763480555
568,2.04964393260899,0.284200659169916,-0.0654632815797712
569,3.05748227140054,0.19228797497609,-0.0148566797442587
570,1.66946341094682,0.196993319990219,0.152776227283564
571,1.22587904090715,0.488969957607206,-0.0374532322643993
572,3.09192864617342,0.127637131969863,-0.00842410138966412
573,1.07414764307903,0.248422477271026,0.076830321379356
574,2.81994574230726,0.327429864873996,0.120951294177896
575,1.57552388812308,0.35396186623154,0.0291971044009875
576,1.01321399444931,0.237345731037708,0.0336753804343223
577,2.93808881683322,0.286465206240923,0.0849891099780563
578,2.00368773571501,0.256720932256805,-0.168263152327618
579,2.60327638731471,0.233981697353034,-0.161601861761257
580,0.117633209906338,0.286374763772614,-0.0085993430653823
581,2.01670742787823,0.315229232325316,-0.292215709117929
582,1.64322002842366,0.390806884378201,-0.0730172966592299
583,2.07440587647225,0.481396755244785,-0.0390418893873552
584,1.81036191420562,0.43747531187145,-0.146225038346691
585,2.51055516904441,0.474623889198341,0.200909563610105
586,2.35825798174326,0.237551605180831,-0.0468746860056115
587,1.59675954420199,0.358620407198388,-0.00479122517990626
588,2.95772679552391,0.220677976893063,0.0423577470640604
589,1.44237412305617,0.497802368340374,0.0132273673006519
590,2.36811955386725,0.303435584812897,-0.0228193161888352
591,2.30156991806283,0.402650384041083,-0.127298044753293
592,1.13306266482003,0.180317582043064,-0.00368508023131085
593,0.338086580651356,0.432081018075035,-0.20555533743253
594,2.52554118538874,0.492667907659729,0.217713812495123
595,0.845248770804005,0.135893174761529,0.143310670296564
596,2.11697384767901,0.461527009800803,0.129404256874305
597,0.865863518389419,0.153283017409182,-0.165165539708687
598,2.87054681019803,0.316697363624302,0.135441102214232
599,2.98851326423261,0.325987005066478,0.167170931671895
600,2.25938821158774,0.0765853351004493,0.03668619981157
601,3.03848125301023,0.209505633066467,0.0374607722244509
602,2.6628544348778,0.436824780277621,0.195160134507939
603,3.19330867410171,0.094603180066902,-0.0794185302228416
604,1.49745623353971,0.156007303651021,0.0839094781278143
605,2.72670269513968,0.351390695361036,0.13452114349388
606,1.75498689908277,0.585886199557808,-0.0681575578892398
607,2.34003477374986,0.312393698212464,-0.100165190322124
608,0.843673767396865,0.142475717397766,0.164123278141925
609,2.5414496572987,0.281011166034803,-0.133723571684277
610,2.79468324145497,0.349744848164801,0.162208773407571
611,1.57374895672449,0.581802776536045,-0.267772006417643
612,1.2490870347846,0.502237888981198,-0.126396172229466
613,2.9670003961552,0.253663027819846,0.108387308275004
614,2.43369784258729,0.408748649692474,-0.0327246058123614
615,3.06360048378925,0.216665731035071,0.0810695994217864
616,1.34294472013001,0.46774660127673,-0.0699678901046831
617,1.6418740510173,0.529051162438896,0.00266690956484708
618,3.08930067087794,0.150751927353272,0.0329850355592479
619,2.92852405333814,0.291837511513149,0.113739605661484
620,3.085014841058,0.246570638579063,0.101220978220702
621,2.98544552057159,0.296627239536103,0.13657357590408
622,1.49481371115572,0.412854888958992,-0.137436044233248
623,1.11079972492349,0.54756073505125,-0.198658913025746
624,2.46279537096016,0.506763493599529,0.0693162400899487
625,2.87312229210335,0.317120924247606,0.123983626243826
626,1.65842114119655,0.635237360863921,-0.0608954679325849
627,1.57224958356241,0.277502124209025,0.0212279368146704
628,3.01831763825383,0.210728010219812,0.0549741877292067
629,3.08615813902404,0.172830804043037,0.00674852241955071
630,0.775158245125613,0.40212593012085,-0.143642700740997
631,1.69298162601718,0.424063383328761,-0.0298548813629615
632,2.94070374364519,0.278418321907952,0.138840179074006
633,2.04865156692288,0.212779095684939,0.118532973128931
634,0.100299950450351,0.416786162431929,-0.0566732975841305
635,3.23627917327935,0.0930872773379348,-0.0592787686761671
636,1.44424424097033,0.570133337024457,-0.164957919443821
637,2.20960231560116,0.360512577149818,-0.0782280185620107
638,1.70280429382367,0.23646828328351,-0.0159741534933051
639,0.742615328297126,0.471010859082341,-0.199987520951333
640,2.75627389475912,0.433794238037356,0.195020238524584
641,3.1156100881103,0.190779444006801,0.075130045342316
642,1.52681704596072,0.697855995589571,-0.186692370151179
643,3.04074422251784,0.220539925879404,0.0593268388280946
644,3.22280416469031,0.264096816807973,0.112794064212278
645,1.63535376748226,0.403415722948488,-0.00354455772217118
646,0.899680176248836,0.488087433292933,-0.144827351484021
647,2.35581378749308,0.455363129056969,-0.0178024093699186
648,2.35966218896558,0.403191296415821,0.123485197003109
649,2.87011025215404,0.243117999434064,0.0324118255992752
650,1.05900863295926,0.597436669659623,-0.128787776646845
651,2.31186693702553,0.215716043888188,-0.0070546803184301
652,2.07855188978593,0.407539690056213,-0.0312361930604089
653,2.87774330642518,0.289104822004246,0.0688757391017155
654,1.55909352045328,0.45526520426851,0.00499905399755271
655,2.41338682281264,0.397244327799084,-0.0762115517644226
656,2.95555313319417,0.301212488412185,0.154423166013729
657,1.19501768564411,0.533508293735563,-0.240330987085716
658,3.144499718368,0.188834205858284,0.042146126657759
659,1.77282404958606,0.491373200296486,0.0289710844085651
660,2.27215241852802,0.300065674061345,0.0238992945677744
661,2.49920314688132,0.444736433775407,0.0475720911336393
662,2.85019108842175,0.28169607970871,0.0845584071366819
663,0.870009397026862,0.640368851609577,-0.267775522893272
664,2.01668636048602,0.339174397416167,0.152191994039752
665,2.65355260792983,0.506777464206998,0.243349735564003
666,3.04916892952826,0.189166212907479,0.0419965773461523
667,1.96637605652382,0.314544101230994,-0.0147947660189521
668,2.71726546155943,0.431830426155544,0.223462079851248
669,2.91136372780408,0.261945310740594,0.0725876428835551
670,1.90554182380145,0.361395618860687,0.186018891915743
671,2.2183489861783,0.456156194420191,0.0138282055117333
672,2.54777087536078,0.21054693164706,-0.191131736489901
673,3.05101666516952,0.252027285930925,0.116053886035375
674,2.96085175716588,0.245471574095955,0.0953726141489629
675,1.2154781655538,0.407821745098579,-0.122415169264645
676,3.03816124582566,0.236541605813237,0.0776897892928546
677,1.77172541589175,0.452752936296368,-0.21157149703925
678,1.9960773938746,0.477228715292776,-0.127129738202249
679,1.56521016672407,0.254124168435957,0.126960618723237
680,1.44402552459883,0.422036239132078,-0.240319772597245
681,1.17418010685668,0.450750986898933,-0.0460299030038938
682,3.20581044729964,0.141694855667081,0.00365185280860232
683,1.73144912102468,0.240099504556716,-0.0570311037259455
684,2.01410168957067,0.392697813297715,-0.0968069800129117
685,0.445465797399915,0.165451840106385,-0.0186629504224576
686,1.76689652744456,0.451511485330276,-0.0968993103926346
687,2.65845110409592,0.483690925121828,0.225508434359277
688,2.30787060475037,0.396133103182534,-0.172962335993655
689,3.10776969654128,0.105641744455821,-0.0301768452831352
690,3.06449314060172,0.179180656474028,-0.0121458215886732
691,3.07114204185172,0.162381158357417,-0.015773041635817
692,1.23329827476538,0.495334361617507,-0.230121824213556
693,1.66529198561259,0.474480587392711,-0.0302886850878265
694,2.72900645495177,0.403119963389841,0.191730255088839
695,2.71719483040475,0.37378457966406,0.13972140262393
696,2.20106448143503,0.36556470274669,-0.202556011713605
697,1.88190233211692,0.477872815018394,-0.119283941672908
698,3.112623592291,0.169617408357643,0.0533690086563336
699,1.17436431139199,0.383098828834601,-0.0974928494707212
700,2.7570612196829,0.318285214064753,0.0892680455056377
701,1.83714302999871,0.54138735324089,0.00434818659542299
702,1.0800248254779,0.557794265127256,-0.280289095078663
703,3.04248992086681,0.239967746705602,0.0558515163861721
704,2.68444896360182,0.41643717736179,0.181147150158986
705,1.28804542447519,0.249081202145059,-0.115609908165708
706,1.65552836612298,0.447965951087557,-0.11805282501304
707,1.20325144636673,0.462346881591714,-0.290588387024073
708,2.41134531569648,0.121809827145915,-0.0858203561799956
709,1.34037706735545,0.588191677309301,-0.189245201394273
710,2.38485265181022,0.322110741815947,-0.0323889012628493
711,2.3763778830393,0.333803484858739,-0.00271874167282128
712,2.89126016553521,0.254863621739522,0.0530688758739345
713,1.26707092931737,0.542456484539015,-0.040613001757355
714,2.61031508900338,0.487598840030952,0.223952080534021
715,2.17327837633454,0.362829680115135,0.178894436794146
716,1.72685857430861,0.196051995765177,-0.000559149059878844
717,3.16061629038326,0.137268499130394,-0.0116189287971153
718,3.10663427662385,0.251480584513184,0.135348554707197
719,3.02706926471111,0.229200593392398,0.04080039097011
720,2.10977405234759,0.291831571545379,-0.0717287035530597
721,2.90387325596782,0.343031420616509,0.193785765393436
722,1.24544343550557,0.191284928929782,-0.101720056054128
723,2.8277670415397,0.261861815493936,0.052325889189708
724,2.35911419508657,0.428956615161945,-0.027781585848663
725,3.10059131230363,0.14739266453348,0.00216649989486381
726,2.96065231970192,0.271358815057539,0.0835342585156121
727,1.33110217523246,0.371631238130151,-0.084784705562637
728,1.17642018126208,0.581641278378516,-0.111740190287839
729,3.05775187761798,0.235157939953408,0.0840853126283343
730,3.13863744223326,0.139145888033255,-0.00496683098748965
731,3.0290200428762,0.202687709957931,0.0182257380189434
732,1.52020308421595,0.140417069318445,0.0551574401750177
733,0.683649538321065,0.641640060664201,-0.332670116654752
734,1.1985816028768,0.445266232863859,0.0560849763802342
735,1.80175906177904,0.410587542887043,0.0514399793294836
736,1.04708754940124,0.126850043931812,0.0279607995120455
737,1.68225119623274,-0.0309838606444088,0.0210171573769155
738,3.15609551941739,0.144632833930887,0.0102782401598246
739,1.0521371699895,0.272939495716435,-0.0304695613173883
740,2.8354119112276,0.311388380335756,0.118291769096108
741,3.01487620103858,0.188797716822771,-0.0170493300887652
742,3.12421756580933,0.113491039686552,-0.0484030870729257
743,2.10479655256874,0.137267446228428,0.276971382074681
744,1.80871882521864,0.440175826708757,-0.00442820064291513
745,1.94043978017398,0.607996101697946,0.146658313527919
746,2.26924466603926,0.44149862068221,-0.0718836975309794
747,1.22536157731354,0.288054192913593,-0.268865659629795
748,0.776072398921137,0.34999043996258,-0.00720995504683106
749,1.96570486150029,0.541534758949859,-0.115027866634509
750,2.22768419060929,0.274530471206282,-0.170593592080059
751,2.98987547747164,0.208431377877471,0.0501353567163732
752,2.41524174215488,0.422724788678848,-0.0392934366845924
753,2.87482295446818,0.288301569409065,0.0912694262524978
754,1.68127345748719,0.185743872354106,0.313642807124908
755,1.99559194417229,0.459419284959187,-0.124882241865833
756,1.30226899183018,0.633105873955688,-0.18034885401209
757,2.85600454142432,0.275813007398363,0.0949349402821909
758,1.97585868320561,0.3961101731748,-0.144586083829813
759,1.43564115038237,0.378637444639723,-0.171103922000568
760,2.90901004599142,0.338801258823132,0.191940991762893
761,2.67684808364329,0.400915765988859,0.146616072939811
762,2.56730150609409,0.474601711288359,0.196732969264062
763,2.8904246752563,0.354282718643913,0.148067397141862
764,1.43638554004633,0.590300887654183,-0.203493577418059
765,1.40693536080625,0.632421499022045,-0.0637520899119628
766,0.82225266185475,0.412269467206786,-0.083738381413006
767,3.19620494075972,0.121610099831565,-0.00378728419002594
768,2.4622444688265,0.409206955893429,0.014973470352773
769,3.10609997702142,0.153456241884755,0.00116668378593785
770,3.01884488606832,0.181550790447942,0.0262807958017539
771,3.22080914860067,0.14551546799594,-0.0159108214462842
772,3.09610190729358,0.17479012589344,0.0127018663872393
773,2.11574149224993,0.435057471172477,-0.0253013051131403
774,2.82651560138754,0.317745364439555,0.115204473193033
775,2.24292381241868,0.273630595782851,-0.0450355172079522
776,1.75857113528847,0.417886280751241,-0.0318692711795739
777,1.04505711930449,0.387894901827294,-0.0400521834477018
778,1.11860632857481,0.455632088463342,-0.256642769643158
779,1.59634697708283,0.317416883255099,-0.103174919644698
780,1.34122453069404,0.599628531178926,-0.181517363374174
781,1.47515598837395,0.317974117699526,0.0633844717775854
782,2.23866016694103,0.514040268923729,-0.00133020753271242
783,2.90677499473281,0.287956943876767,0.105982163223377
784,0.677437896655732,0.519526906339461,-0.136033039663557
785,2.76564141196444,0.425810542689725,0.223255185115147
786,2.85045999130839,0.29105556943937,0.101597867941381
787,2.14978663948781,0.0772266456005468,0.21115119547162
788,2.48259026401668,0.392962699068634,-0.0831122615236784
789,1.52642723332638,0.386057822130391,-0.000605303126734048
790,0.250089547655627,0.265118889236369,5.91505975660959e-05
791,3.04075061122458,0.166049668401074,0.0446135288629326
792,2.06213600692552,0.0892348100038863,0.298919043389843
793,1.47824848372238,0.543591070967879,-0.0857435632275478
794,1.83097966120199,0.497803050620136,-0.0824485107885981
795,1.25622425707514,0.281753721427128,-0.05362572397796
796,3.04567520082417,0.223244167633244,0.0639626262064483
797,2.0574470642873,0.318407434794005,-0.0755982925739662
798,2.50344360885218,0.321407655448197,-0.132545627766948
799,0.868430268622583,0.496557437914311,-0.188741641586704
800,1.44406077272448,0.546561126403654,-0.0955724775239785
801,1.73802990251788,0.542109440530542,-0.144707820922883
802,1.44924960148072,0.442030092999383,0.0600620738226495
803,1.48996112425089,0.47622716970789,-0.0539772722945153
804,0.937472193362727,0.448148583479273,0.0652534406700271
805,3.01198205564711,0.209998663654347,0.0313922425536954
806,2.43438857940672,0.319640070192223,-0.057632603783041
807,2.8609834675787,0.340933724492566,0.114192136204767
808,1.152372174881,0.421283851536799,0.00371982438665531
809,1.87130657419972,0.309126238246102,-0.0796219984985821
810,3.17327785342117,0.110911517355723,-0.0252517310844648
811,1.54569985393253,0.421257295589018,-0.185198955732912
812,0.797368967753289,0.465820817277327,-0.12772771193833
813,2.57942692275319,0.362344651969998,0.114301122838544
814,2.9754453585806,0.348570460240283,0.195663102086338
815,1.80417506807885,0.517995859263177,-0.084860516004935
816,1.88322661431126,0.404193682582379,-0.291630747656876
817,2.92019050209712,0.318877811602225,0.148834745942475
818,1.5926717248892,0.41050646137862,-0.00434469465141869
819,2.36319544528515,0.199111654716403,-0.00443691242386511
820,2.83945872570678,0.263485621985594,0.0550557324739155
821,3.02831110496742,0.241574919070395,0.111216119385166
822,2.0478687815198,0.586655392480333,0.030963028207552
823,2.63403094614713,0.238064058139673,-0.132400390456367
824,2.11824956507869,0.226785138474949,0.163137349702169
825,2.87066922610243,0.292157833259854,0.120707751204071
826,2.90482019106321,0.321836554670165,0.119132810113047
827,2.28473857727922,0.182303324787325,-0.0253609454454023
828,1.33548708841612,0.467620941720593,-0.165906217739917
829,0.837346563179417,0.450094990922126,-0.0661605852532223
830,0.936330448982852,0.407677941473359,-0.0533984040613833
831,2.90649721263385,0.316025466008061,0.0960096758283209
832,2.01149230581752,0.368563437801982,0.0138326383370695
833,3.07695884131023,0.256218550782107,0.105871570679726
834,1.77988298387874,0.407542260237562,-0.17500584133867
835,2.05055712393231,0.648074744168106,0.06215713719875
836,2.75315591811516,0.378557345049325,0.156208008364266
837,2.99592404467268,0.263675033027,0.0913540436349842
838,2.50227005824383,0.191146086536145,-0.02585624305122
839,0.775258491996985,0.397134870716024,-0.201293903124817
840,1.11039268061862,0.337341856679272,-0.0125270756147671
841,0.413170817045494,0.307730827741362,0.0639787466534452
842,0.707570498649588,0.418626891052154,-0.188143464416913
843,2.75717340587616,0.437305517441602,0.215153374579028
844,2.03984934398163,0.101128493995328,0.169844383219524
845,3.24449263591874,0.0446257961576175,-0.112760177990675
846,1.26334167786634,0.268751200980745,0.0376756646837651
847,1.61049285986256,0.2422834202446,-0.0495304382008426
848,3.05758976542645,0.225009850637917,0.0688512902319468
849,1.79491574655607,0.54662513595389,-0.080321967179215
850,2.87391237450882,0.362885951386102,0.118950883359109
851,2.20134217641121,0.47559967464578,0.0508863124719083
852,1.07268090443639,0.202642499712242,0.0487404720510047
853,1.93091735716751,0.437372393096446,0.21755145125576
854,0.00861912525088468,0.308246427432973,-0.136018201024799
855,0.364622167402466,0.266458369655155,0.238483831158252
856,1.41497275013787,0.67628829942206,-0.19821933931629
857,2.92175079357014,0.274783902685248,0.0787656247426317
858,1.77094695485809,0.529283826739881,-0.270046610075539
859,2.1003771551842,0.289562460072436,0.204964980571464
860,3.196028823827,0.043875770150156,-0.104498054523899
861,2.38222881459694,0.293356662396565,-0.00559507963715847
862,3.00030826947929,0.250185576388182,0.0706708962374716
863,2.0139210330054,0.319775410382482,-0.15271547079076
864,1.49405390950656,0.329005372141054,0.0314165104273229
865,2.67055844398066,0.403794200337237,0.202921067341726
866,2.15970056502244,0.503343360120612,-0.0517182574694804
867,2.09887110920111,0.413194901954046,-0.0563093308072483
868,2.87639032308773,0.274023790484854,0.096583724755429
869,1.3243732538532,0.388472516939122,0.0160759877212385
870,3.00109159681767,0.256420705570047,0.0972776971843749
871,1.44137067932733,0.36986003476964,0.0841282925317444
872,3.04456556901613,0.244389661641066,0.116260156641247
873,1.39437329693849,0.338376859800251,0.0571241358269742
874,2.88280368954565,0.355399852172117,0.131118456915086
875,2.95010195580376,0.295714557219502,0.0951660751177889
876,1.11005588085621,0.4385211147092,0.0320171710659549
877,3.00606485245193,0.229910951191679,0.0583617725470449
878,2.66022539436025,0.419125088578315,0.192690853876964
879,0.850931435076665,0.469680297054013,-0.0719892090009485
880,2.79798391785231,0.281199927796641,0.0720223589517816
881,2.82115438512278,0.292175969647293,0.115743645672198
882,1.77496963612919,0.53534251323654,-0.103244427137654
883,2.82451435312527,0.295259412278554,0.112056822506039
884,1.55026004143021,0.537048700422378,-0.246356890574648
885,2.27674204136485,0.318084112059289,-0.0404200019962974
886,2.16326170677706,0.350062425441065,0.0121722361217316
887,1.4328166551027,0.575089584792014,0.00893100019497584
888,2.96598379647311,0.274619015610889,0.0718355763050226
889,2.5525355115397,0.280450697096829,-0.0445338897733106
890,2.74379752390069,0.446887466098492,0.219368545147054
891,2.97050395528871,0.267866186742866,0.0924619473806789
892,2.07103697125127,0.532300803112505,-0.0333665852633614
893,1.05028495389586,0.591755253647479,-0.121329388951809
894,1.97539884159827,0.510319231012796,-0.0893374756697798
895,2.25870906211291,0.130202839451944,0.143372408510026
896,3.11030743132478,0.159374462885046,0.00656160728144173
897,1.76959490111177,0.180465183514153,0.288670658404533
898,3.08437389892186,0.189047568831825,0.0586318883582961
899,2.37412390142882,0.42285161704093,-0.0108562014139996
900,0.792765618192411,0.53460960021576,-0.0995758037233168
901,1.83461232511099,0.441918143891371,-0.197124143470867
902,2.76541158357125,0.287874135381766,0.082052200085259
903,2.91488495036774,0.290001204000442,0.126618987636425
904,2.61752900727198,0.218381957694698,-0.184211331048563
905,1.18764655192243,0.269496242604039,-0.196149157078208
906,2.99222501204712,0.225201626841838,0.0316882103802203
907,3.08935095192739,0.16777236340142,0.0119144417342294
908,2.56580329507516,0.246139223627125,-0.115035964593731
909,1.72615310686384,0.449458799302512,-0.2331940202137
910,2.77355721596564,0.365548344684981,0.156275775322129
911,3.03171547686171,0.223859797768331,0.0825729755654151
912,1.98974327966385,0.377146031384207,0.0938381507429724
913,1.55174094172546,0.295169316307374,-0.145627140979435
914,1.97588449487182,0.642634797866734,-0.0288041606859076
915,1.76485804803774,0.462819278928058,-0.0386793444090657
916,2.78180952620942,0.351244652121776,0.1397114978924
917,2.72351125295587,0.385389516146937,0.146889746793976
918,2.83250684968409,0.243617384883363,0.0431637703880754
919,2.84519671364023,0.295220492012616,0.0880360053659807
920,2.74115925273139,0.41346608161129,0.158441694280794
921,2.39222269282284,0.303515479195549,-0.268129960562206
922,2.05341091331272,0.501237337977792,0.0286437312509896
923,2.37375942229292,0.399438114456725,-0.00760979679338219
924,1.97743089216454,0.169108320776494,-0.218897255063486
925,2.30243590417732,0.190178350180964,-0.318467214076223
926,0.196753128583645,0.211944469273259,0.0852461741105468
927,0.852365399938712,0.478029266885006,-0.0176971082134684
928,2.91760474485494,0.299865849020823,0.103757609100525
929,2.7516164367984,0.382807637371914,0.182656454506116
930,3.22495950430773,0.0688701462967415,-0.0559687751460436
931,1.06053651413723,0.269223882281737,-0.183884904940405
932,2.50515573041379,0.332783521529782,-0.131343929761453
933,1.59143608958076,0.287796997829128,0.0704193180275961
934,1.24263759616278,0.540418231213034,-0.23817740146234
935,3.17041722174414,0.132940308364156,-0.00669105181839824
936,2.14496125185918,0.106286055174522,0.163502697606296
937,1.49821714093393,0.232304491925036,0.0489736977010601
938,1.75167962965815,0.227609270188946,-0.0595406372269425
939,2.27090171566497,0.480018958140526,-0.0989023537189877
940,2.36377772105914,0.333723842540763,-0.0173606506967155
941,1.61614503104139,0.349939860554871,-0.0755665275545529
942,1.38320585468752,0.396612049953153,-0.0305597712533156
943,-0.142548023099456,0.382625915718153,-0.19984526089473
944,3.13991110165517,0.121724922938392,-0.0426786072755668
945,1.20060511991541,0.202923207828332,-0.228064064210337
946,1.0392195686975,0.181516561059725,0.094186038616032
947,1.02673055839696,0.27876023119328,0.131749595661785
948,2.02641948394918,0.479161934095209,-0.134533061778806
949,2.30778288366402,0.27279429599446,-0.0610374171615293
950,2.41948759151121,0.298341136651421,-0.0650019063822064
951,2.74005382179219,0.448984741597669,0.231794248151143
952,0.831291864896904,0.334426914456205,-0.0767973883531994
953,1.32997787649406,0.414540779306188,0.0752988593080871
954,3.13952776972749,0.217379808804184,0.0818729765593961
955,2.26824513400859,0.241086949727532,0.0868611522174608
956,3.03798240331091,0.143571416425362,-0.00554034215561251
957,2.41288821861871,0.273348385459425,-0.0519209850734618
958,2.06333663149692,0.204873113592235,0.150723906095053
959,2.86839808411963,0.248265251505724,0.0368014853988817
960,2.13953467005447,0.529912797959971,0.074509612909176
961,3.02785460931055,0.233874770012728,0.0652848761849857
962,1.61179140067109,0.302407218387061,-0.148230863983283
963,1.95693713397379,0.436473744792541,0.108285034283475
964,1.38407005199566,0.615543807886755,-0.139360001502294
965,2.91511996780057,0.313712570845974,0.120057670830791
966,3.05536311045462,0.23389787623518,0.0395124038848915
967,2.29873343115678,0.508964658646754,0.00957452610986277
968,1.36307683031833,0.477607898106943,-0.130723324033219
969,1.94460875079962,0.445404129188349,-0.170611189492196
970,0.647681736384843,0.429405382562704,-0.0143706373643915
971,1.46836402522394,0.598997971307067,-0.349208412615781
972,2.41347587581246,0.504010216753599,0.0816096942893487
973,3.01483976435312,0.28321348494059,0.114761359897891
974,2.51117216680745,0.444203343408445,0.18456378822454
975,2.86652270737025,0.296015104776106,0.0809119519242632
976,3.07250769458351,0.249823227031385,0.136400118691101
977,0.994985642879493,0.305987716711894,-0.209750243116043
978,2.41629940684239,0.223633598003255,-0.109551447136439
979,1.15175233340431,0.29848590033455,-0.152195092705334
980,-0.395870294006018,0.146960887057049,0.0307407043246707
981,2.7912709698804,0.363091629418551,0.179614466641871
982,1.82617291639896,0.540555591804666,0.106185328000531
983,1.59223614406045,0.378760953499847,0.337333619195514
984,3.18320939595585,0.101639220561521,-0.0363955083009351
985,2.98637229688077,0.177202700027482,0.0391352132885541
986,2.65986680264085,0.424560468179036,0.186257541330099
987,1.13966775697992,0.504886287806581,-0.0962174696967366
988,1.81766451577987,0.339888380345839,-0.135016049314095
989,2.63982683406438,0.471207234632029,0.215844713525391
990,3.13653510385559,0.192406786656888,0.0481034145982956
991,2.7704792190104,0.362406686054134,0.139074669253458
992,3.11555645717736,0.176739147826399,0.0345017451749691
993,2.25935220649638,0.358893824871089,-0.0815804704277273
994,1.64122308417315,0.683097698628314,-0.0412463997350812
995,0.433690386391803,0.212788566585377,0.160421719064393
996,1.3945186776687,0.561835658669104,-0.0984470386130081
997,1.08293604603804,0.161761215900933,0.173438975938899
998,2.90680432924319,0.221420474197197,0.0609620659391936
999,1.2834049864893,0.50239230833012,-0.086293517378836
1000,2.86792723864217,0.288449416837074,0.108527310903879
