Subj,Trial,Choice,MFval,MBval,MF_top,MB_top
1,1,14,0.5,1,1,1
1,2,14,0.5,0.7,1,1
1,3,18,0.1,0.9,1,1
1,4,11,0.5,0.9,1,1
1,5,25,0.5,1,1,1
1,6,22,-0.3,0.8,0,1
1,7,29,0.3,1,1,1
1,8,25,0.5,0.9,1,1
1,9,19,0.3,0.8,1,1
1,10,11,0.5,0.9,1,1
1,11,11,0.5,1,1,1
1,12,4,0.5,1,1,1
1,13,5,0.2,0.9,1,1
1,14,1,0.5,1,1,1
1,15,3,-0.1,0.9,0,1
2,1,13,0.5,1,1,1
2,2,20,0.3,0.9,1,1
2,3,17,0.5,0.9,1,1
2,4,17,0.5,1,1,1
2,5,13,0.5,0.8,1,1
2,6,13,0.5,1,1,1
2,7,17,0.5,0.8,1,1
2,8,21,0.4,0.8,1,1
2,9,17,0.5,1,1,1
2,10,2,0.1,1,1,1
2,11,24,0.4,0.9,1,1
2,12,4,0.2,1,1,1
2,13,19,0.3,1,1,1
2,14,19,0.3,1,1,1
2,15,24,0.4,1,1,1
3,1,4,0.4,1,1,1
3,2,29,0.4,0.7,1,1
3,3,18,0.4,0.9,1,1
3,4,25,0.4,0.9,1,1
3,5,25,0.4,1,1,1
3,6,13,0.4,1,1,1
3,7,15,0.2,0.9,1,1
3,8,25,0.4,0.9,1,1
3,9,26,0.2,0.9,1,1
3,10,28,0.4,1,1,1
3,11,24,0.4,0.9,1,1
3,12,4,0.4,1,1,1
3,13,13,0.4,0.9,1,1
3,14,1,0,1,0,1
3,15,24,0.4,1,1,1
4,1,14,0.2,1,1,1
4,2,19,-0.1,0.6,0,1
4,3,19,-0.1,0.8,0,1
4,4,20,0.4,1,1,1
4,5,12,-0.1,0.9,0,1
4,6,1,-0.1,1,0,1
4,7,1,-0.1,1,0,1
4,8,25,0,0.9,1,1
4,9,11,0.3,0.7,1,1
4,10,21,0.5,0.7,1,1
4,11,11,0.3,1,1,1
4,12,1,-0.1,0.9,1,1
4,13,9,0.4,1,1,1
4,14,19,-0.1,1,0,1
4,15,21,0.5,1,1,1
5,1,13,-0.3,1,0,1
5,2,17,0.4,0.7,1,1
5,3,19,0.3,0.8,1,1
5,4,8,0.2,0.7,1,1
5,5,10,0.2,0.6,1,0
5,6,20,0.2,1,1,1
5,7,28,-0.2,0.5,0,1
5,8,10,0.2,0.7,1,1
5,9,7,-0.2,0.6,0,1
5,10,10,0.2,0.9,1,1
5,11,29,0,1,1,1
5,12,10,0.2,1,1,1
5,13,27,0.4,0.6,1,1
5,14,14,-0.2,0.7,0,1
5,15,4,-0.2,0.3,0,0
6,1,8,0.5,1,1,1
6,2,12,0.4,1,1,1
6,3,27,0.4,0.9,1,1
6,4,4,-0.1,1,0,1
6,5,25,0.1,1,0,1
6,6,8,0.5,0.9,1,1
6,7,14,-0.4,0.8,0,1
6,8,22,0.4,0.9,1,1
6,9,2,0.2,1,1,1
6,10,28,0.4,1,1,1
6,11,11,0.4,1,1,1
6,12,3,-0.1,0.9,0,1
6,13,12,0.4,0.9,1,1
6,14,8,0.5,0.8,1,1
6,15,8,0.5,0.6,1,1
7,1,15,0.4,0.9,1,1
7,2,25,0.4,0.5,1,1
7,3,27,0.3,0.9,1,1
7,4,20,-0.1,1,1,1
7,5,12,0.5,0.9,1,1
7,6,20,-0.1,1,1,1
7,7,15,0.4,0.9,1,1
7,8,25,0.4,0.9,1,1
7,9,12,0.5,0.9,1,1
7,10,28,-0.2,1,0,1
7,11,12,0.5,0.9,1,1
7,12,30,0.4,0.7,1,1
7,13,19,0.5,1,1,1
7,14,1,0.3,1,1,1
7,15,1,0.3,0.5,1,1
8,1,13,0.2,1,1,1
8,2,22,0.2,0.8,1,1
8,3,18,0.4,0.9,1,1
8,4,20,0.2,1,1,1
8,5,9,0.2,0.9,1,1
8,6,22,0.2,0.8,1,1
8,7,27,0.3,0.8,1,1
8,8,30,0.4,0.9,1,1
8,9,19,0.2,0.8,1,1
8,10,19,0.2,0.9,1,1
8,11,22,0.2,0.9,1,1
8,12,23,0.5,0.8,1,1
8,13,9,0.2,1,1,1
8,14,18,0.4,0.8,1,1
8,15,25,0.4,0.9,1,1
9,1,14,0.4,1,1,1
9,2,20,-0.2,0.9,0,1
9,3,14,0.4,0.8,1,1
9,4,26,0.5,0.6,1,1
9,5,25,0.5,1,1,1
9,6,26,0.5,0.9,1,1
9,7,14,0.4,0.8,1,1
9,8,26,0.5,0.8,1,1
9,9,2,0.4,1,1,1
9,10,2,0.4,1,1,1
9,11,29,0.2,1,1,1
9,12,2,0.4,1,1,1
9,13,3,0.5,0.8,1,1
9,14,18,0.3,0.8,1,1
9,15,25,0.5,0.9,1,1
10,1,4,0.5,1,1,1
10,2,22,0.5,0.8,1,1
10,3,25,0.3,0.7,1,1
10,4,4,0.5,1,1,1
10,5,25,0.3,1,1,1
10,6,22,0.5,0.8,1,1
10,7,9,0.4,0.8,1,1
10,8,27,0.2,0.7,1,1
10,9,17,0.3,1,1,1
10,10,19,0.3,0.9,1,1
10,11,22,0.5,0.9,1,1
10,12,4,0.5,1,1,1
10,13,9,0.4,1,1,1
10,14,22,0.5,0.7,1,1
10,15,25,0.3,0.9,1,1
11,1,4,0.3,1,1,1
11,2,8,0.4,0.8,1,1
11,3,11,0.5,0.9,1,1
11,4,4,0.3,1,1,1
11,5,9,-0.4,0.9,0,1
11,6,21,0.5,0.9,1,1
11,7,5,0.2,1,1,1
11,8,12,0.3,1,1,1
11,9,2,0.3,1,1,1
11,10,28,0.4,1,1,1
11,11,12,0.3,0.9,1,1
11,12,10,-0.1,1,0,1
11,13,19,0.5,1,1,1
11,14,18,-0.1,0.8,0,1
11,15,21,0.5,1,1,1
12,1,13,0.3,1,1,1
12,2,20,0.1,0.9,1,1
12,3,30,0,0.7,0,1
12,4,21,0.2,0.8,1,1
12,5,26,0.2,0.9,1,1
12,6,7,0.5,0.5,1,1
12,7,1,-0.3,1,0,1
12,8,11,0.1,0.8,1,1
12,9,17,0.4,1,1,1
12,10,17,0.4,0.9,1,1
12,11,15,0.3,0.4,1,0
12,12,2,0.3,1,1,1
12,13,7,0.5,0.9,1,1
12,14,8,0.5,0.8,1,1
12,15,17,0.4,0.9,1,1
13,1,17,0.4,1,1,1
13,2,17,0.4,0.7,1,1
13,3,7,0.5,0.6,1,1
13,4,21,0.4,0.8,1,1
13,5,18,0.4,0.9,1,1
13,6,13,0.2,1,1,1
13,7,17,0.4,0.8,1,1
13,8,2,0.4,0.6,1,1
13,9,18,0.4,0.6,1,1
13,10,17,0.4,0.9,1,1
13,11,3,0.5,0.9,1,1
13,12,1,0.4,0.9,1,1
13,13,7,0.5,0.9,1,1
13,14,7,0.5,0.4,1,0
13,15,24,0.5,1,1,1
14,1,4,-0.1,1,0,1
14,2,22,-0.3,0.8,0,1
14,3,18,0.5,0.9,1,1
14,4,4,-0.1,1,1,1
14,5,18,0.5,0.9,1,1
14,6,1,0.5,1,1,1
14,7,1,0.5,1,1,1
14,8,18,0.5,0.8,1,1
14,9,19,-0.1,0.8,1,1
14,10,29,0.4,0.9,1,1
14,11,29,0.4,1,1,1
14,12,18,0.5,0.8,1,1
14,13,9,0.1,1,1,1
14,14,1,0.5,1,1,1
14,15,21,-0.3,1,0,1
15,1,13,0.3,1,0,1
15,2,1,0.5,0.7,1,1
15,3,19,0.5,0.8,1,1
15,4,12,0.4,0.8,1,1
15,5,26,0.4,0.9,1,1
15,6,16,0.5,0.6,1,1
15,7,1,0.5,1,1,1
15,8,1,0.5,0.5,1,0
15,9,19,0.5,0.8,1,1
15,10,16,0.5,0.4,1,0
15,11,1,0.5,0.1,1,0
15,12,1,0.5,0.9,1,1
15,13,7,0.4,0.9,1,1
15,14,5,0.3,0.3,1,0
15,15,16,0.5,1,1,1
16,1,17,0.3,1,1,1
16,2,20,0.3,0.9,1,1
16,3,17,0.3,0.9,1,1
16,4,17,0.3,1,1,1
16,5,25,-0.1,1,0,1
16,6,13,0.3,1,1,1
16,7,29,0.1,1,0,1
16,8,21,0.4,0.8,1,1
16,9,22,0.4,0.6,1,1
16,10,28,0.1,1,0,1
16,11,18,0.4,0.9,1,1
16,12,4,0.2,1,1,1
16,13,19,0.1,1,1,1
16,14,1,0.3,1,1,1
16,15,16,0.5,1,1,1
17,1,26,0.5,0.5,1,0
17,2,14,0.1,0.7,1,1
17,3,8,0.1,0.4,0,1
17,4,4,0.4,1,1,1
17,5,25,0.1,1,1,1
17,6,26,0.5,0.9,1,1
17,7,12,0.5,0.6,1,1
17,8,20,0.2,0.5,1,0
17,9,16,0.3,0.4,1,0
17,10,19,-0.3,0.9,0,1
17,11,30,0.1,0.2,1,0
17,12,30,0.1,0.7,0,1
17,13,4,0.4,0.6,1,1
17,14,14,0.1,0.7,0,1
17,15,28,0.1,0.4,1,1
18,1,13,-0.2,1,0,1
18,2,12,0.5,1,1,1
18,3,28,0.3,0.7,1,1
18,4,17,-0.1,1,1,1
18,5,23,0.4,0.9,1,1
18,6,22,0.4,0.8,1,1
18,7,29,0.3,1,1,1
18,8,12,0.5,1,1,1
18,9,12,0.5,0.9,1,1
18,10,29,0.3,0.9,1,1
18,11,28,0.3,0.8,1,1
18,12,29,0.3,0.8,1,1
18,13,12,0.5,0.9,1,1
18,14,12,0.5,0.6,1,1
18,15,18,0.3,0.5,1,1
19,1,13,0.4,1,1,1
19,2,12,0.4,1,1,1
19,3,7,0.1,0.6,0,1
19,4,20,0.5,1,1,1
19,5,12,0.4,0.9,1,1
19,6,20,0.5,1,1,1
19,7,29,0.5,1,1,1
19,8,27,0.4,0.7,1,1
19,9,22,0.5,0.6,1,1
19,10,29,0.5,0.9,1,1
19,11,22,0.5,0.9,1,1
19,12,1,0.5,0.9,1,1
19,13,28,0.2,0.9,1,1
19,14,8,-0.2,0.8,0,1
19,15,25,0.2,0.9,1,1
20,1,15,0.2,0.9,1,1
20,2,29,0.5,0.7,1,1
20,3,17,0,0.9,0,1
20,4,24,0.1,1,0,1
20,5,25,0.5,1,1,1
20,6,25,0.5,0.8,1,1
20,7,13,0.3,0.6,1,1
20,8,25,0.5,0.9,1,1
20,9,2,0.4,1,1,1
20,10,26,0.2,0.9,1,1
20,11,29,0.5,1,1,1
20,12,2,0.4,1,1,1
20,13,1,0.1,0.8,1,1
20,14,1,0.1,1,1,1
20,15,3,0.3,0.9,1,1
21,1,8,0.5,1,1,1
21,2,8,0.5,0.8,1,1
21,3,11,0.4,0.9,1,1
21,4,15,0.5,0.6,1,1
21,5,11,0.4,0.7,1,1
21,6,8,0.5,0.9,1,1
21,7,15,0.5,0.9,1,1
21,8,18,0.1,0.8,1,1
21,9,12,0.3,0.9,1,1
21,10,10,0.5,0.9,1,1
21,11,11,0.4,1,1,1
21,12,10,0.5,1,1,1
21,13,19,0.5,1,1,1
21,14,19,0.5,1,1,1
21,15,17,0.1,0.9,1,1
22,1,8,0,1,1,1
22,2,8,0,0.8,1,1
22,3,18,0.3,0.9,1,1
22,4,4,0.4,1,1,1
22,5,18,0.3,0.9,1,1
22,6,13,0.5,1,1,1
22,7,5,0.2,1,1,1
22,8,5,0.2,1,1,1
22,9,12,0,0.9,1,1
22,10,25,-0.4,0.9,0,1
22,11,18,0.3,0.9,1,1
22,12,2,-0.1,1,0,1
22,13,19,0.1,1,1,1
22,14,19,0.1,1,1,1
22,15,3,0.4,0.9,1,1
23,1,17,0.1,1,1,1
23,2,11,0.4,0.7,1,1
23,3,11,0.4,0.9,1,1
23,4,24,0.5,1,1,1
23,5,26,0.5,0.9,1,1
23,6,1,-0.1,1,1,1
23,7,1,-0.1,1,1,1
23,8,11,0.4,0.8,1,1
23,9,26,0.5,0.9,1,1
23,10,2,0.2,1,1,1
23,11,11,0.4,1,1,1
23,12,16,-0.4,0.7,0,1
23,13,19,0.4,1,1,1
23,14,19,0.4,1,1,1
23,15,24,0.5,1,1,1
24,1,14,-0.3,1,0,1
24,2,3,0.5,0.9,1,1
24,3,18,0.1,0.9,1,1
24,4,20,0.4,1,1,1
24,5,25,0.5,1,1,1
24,6,7,0.5,0.5,1,1
24,7,8,-0.2,0.8,0,1
24,8,25,0.5,0.9,1,1
24,9,17,0.3,1,1,1
24,10,29,0.5,0.9,1,1
24,11,3,0.5,0.9,1,1
24,12,2,0.3,1,1,1
24,13,3,0.5,0.8,1,1
24,14,29,0.5,0.6,1,1
24,15,25,0.5,0.9,1,1
25,1,17,0.3,1,1,1
25,2,20,0.4,0.9,1,1
25,3,18,0.3,0.9,1,1
25,4,20,0.4,1,1,1
25,5,25,-0.4,1,0,1
25,6,1,0,1,1,1
25,7,9,-0.3,0.8,0,1
25,8,5,0.1,1,1,1
25,9,17,0.3,1,1,1
25,10,2,0.5,1,1,1
25,11,11,0.5,1,1,1
25,12,4,-0.2,1,0,1
25,13,19,-0.1,1,0,1
25,14,1,0,1,1,1
25,15,17,0.3,0.9,1,1
26,1,8,0.5,1,1,1
26,2,12,0.5,1,1,1
26,3,17,0.5,0.9,1,1
26,4,12,0.5,0.8,1,1
26,5,25,0,1,0,1
26,6,21,0.4,0.9,1,1
26,7,27,0.1,0.8,0,1
26,8,21,0.4,0.8,1,1
26,9,17,0.5,1,1,1
26,10,25,0,0.9,0,1
26,11,12,0.5,0.9,1,1
26,12,2,0.5,1,1,1
26,13,20,0.1,0.8,1,1
26,14,8,0.5,0.8,1,1
26,15,8,0.5,0.6,1,1
27,1,17,0.5,1,1,1
27,2,3,0.4,0.9,1,1
27,3,17,0.5,0.9,1,1
27,4,17,0.5,1,1,1
27,5,29,0.3,0.9,1,1
27,6,1,0.5,1,1,1
27,7,1,0.5,1,1,1
27,8,22,0.5,0.9,1,1
27,9,17,0.5,1,1,1
27,10,28,0.3,1,1,1
27,11,22,0.5,0.9,1,1
27,12,2,0.2,1,1,1
27,13,13,0.4,0.9,1,1
27,14,22,0.5,0.7,1,1
27,15,21,0.4,1,1,1
28,1,4,0.3,1,1,1
28,2,8,0.2,0.8,1,1
28,3,17,0.2,0.9,1,1
28,4,20,-0.2,1,0,1
28,5,9,0.2,0.9,1,1
28,6,8,0.2,0.9,1,1
28,7,29,0.1,1,1,1
28,8,30,0.1,0.9,1,1
28,9,19,0.4,0.8,1,1
28,10,28,0.5,1,1,1
28,11,11,0.4,1,1,1
28,12,4,0.3,1,1,1
28,13,19,0.4,1,1,1
28,14,19,0.4,1,1,1
28,15,8,0.2,0.6,1,1
29,1,13,0.4,1,1,1
29,2,29,0.4,0.7,1,1
29,3,25,0.3,0.7,1,1
29,4,4,0.1,1,1,1
29,5,26,-0.3,0.9,0,1
29,6,1,0.5,1,1,1
29,7,1,0.5,1,1,1
29,8,26,-0.3,0.8,0,1
29,9,17,0.4,1,1,1
29,10,1,0.5,0.7,1,1
29,11,12,0.4,0.9,1,1
29,12,12,0.4,0.7,1,1
29,13,3,0.4,0.8,1,1
29,14,11,0.3,0.4,1,0
29,15,25,0.3,0.9,1,1
30,1,13,0.4,1,1,1
30,2,20,0.4,0.9,1,1
30,3,17,0.4,0.9,1,1
30,4,11,0.5,0.9,1,1
30,5,1,0.3,0.7,1,1
30,6,1,0.3,1,1,1
30,7,1,0.3,1,1,1
30,8,11,0.5,0.8,1,1
30,9,11,0.5,0.7,1,1
30,10,19,0.5,0.9,1,1
30,11,29,-0.4,1,0,1
30,12,3,0.3,0.9,1,1
30,13,19,0.5,1,1,1
30,14,18,0.1,0.8,1,1
30,15,17,0.4,0.9,1,1
31,1,4,0.4,1,1,1
31,2,3,0.4,0.9,1,1
31,3,27,0.2,0.9,1,1
31,4,20,0.4,1,1,1
31,5,25,0.4,1,1,1
31,6,20,0.4,1,1,1
31,7,29,0.5,1,1,1
31,8,12,-0.1,1,0,1
31,9,19,0.5,0.8,1,1
31,10,26,0.2,0.9,0,1
31,11,29,0.5,1,1,1
31,12,4,0.4,1,1,1
31,13,19,0.5,1,1,1
31,14,19,0.5,1,1,1
31,15,3,0.4,0.9,1,1
32,1,13,0.3,1,1,1
32,2,20,0.4,0.9,1,1
32,3,27,0.5,0.9,1,1
32,4,4,0.3,1,1,1
32,5,25,0.4,1,1,1
32,6,13,0.3,1,1,1
32,7,27,0.5,0.8,1,1
32,8,25,0.4,0.9,1,1
32,9,19,0.5,0.8,1,1
32,10,19,0.5,0.9,1,1
32,11,11,0.3,1,1,1
32,12,4,0.3,1,1,1
32,13,19,0.5,1,1,1
32,14,1,0.4,1,1,1
32,15,21,0.5,1,1,1
33,1,22,0.4,0.8,1,1
33,2,22,0.4,0.8,1,1
33,3,25,0.5,0.7,1,1
33,4,25,0.5,0.9,1,1
33,5,21,-0.3,0.7,0,1
33,6,20,0.1,1,1,1
33,7,5,-0.2,1,0,1
33,8,5,-0.2,1,0,1
33,9,12,0.1,0.9,1,1
33,10,28,0.3,1,1,1
33,11,11,0.2,1,1,1
33,12,10,-0.3,1,0,1
33,13,23,0.4,0.9,1,1
33,14,1,0.2,1,1,1
33,15,25,0.5,0.9,1,1
34,1,17,0.4,1,1,1
34,2,21,0.5,0.6,1,1
34,3,29,-0.4,0.1,0,0
34,4,24,0,1,1,1
34,5,23,0.5,0.9,1,1
34,6,1,0.3,1,1,1
34,7,3,0.3,0.3,1,0
34,8,25,0,0.9,1,1
34,9,3,0.3,0.4,1,0
34,10,2,0.4,1,1,1
34,11,18,0.2,0.9,1,1
34,12,1,0.3,0.9,1,1
34,13,28,0.2,0.9,1,1
34,14,1,0.3,1,1,1
34,15,21,0.5,1,1,1
35,1,25,0,0.7,0,1
35,2,8,0.5,0.8,1,1
35,3,24,0.3,0.8,1,1
35,4,12,0.3,0.8,1,1
35,5,13,-0.2,0.8,0,1
35,6,13,-0.2,1,0,1
35,7,8,0.5,0.8,1,1
35,8,12,0.3,1,1,1
35,9,4,0.3,0.7,1,1
35,10,11,0.1,0.9,1,1
35,11,12,0.3,0.9,1,1
35,12,4,0.3,1,1,1
35,13,19,0.3,1,1,1
35,14,30,0,0.9,0,1
35,15,16,0.5,1,1,1
36,1,17,0.4,1,1,1
36,2,12,0.5,1,1,1
36,3,17,0.4,0.9,1,1
36,4,17,0.4,1,1,1
36,5,25,0.4,1,1,1
36,6,1,0.4,1,1,1
36,7,1,0.4,1,1,1
36,8,12,0.5,1,1,1
36,9,17,0.4,1,1,1
36,10,25,0.4,0.9,1,1
36,11,22,0.2,0.9,1,1
36,12,4,0.3,1,1,1
36,13,19,0.4,1,1,1
36,14,1,0.4,1,1,1
36,15,17,0.4,0.9,1,1
37,1,22,0.5,0.8,1,1
37,2,12,0.5,1,1,1
37,3,24,0,0.8,0,1
37,4,24,0,1,0,1
37,5,12,0.5,0.9,1,1
37,6,13,-0.2,1,0,1
37,7,5,0.2,1,1,1
37,8,12,0.5,1,1,1
37,9,12,0.5,0.9,1,1
37,10,26,0.2,0.9,1,1
37,11,5,0.2,0.9,1,1
37,12,10,0.2,1,1,1
37,13,9,0.3,1,1,1
37,14,22,0.5,0.7,1,1
37,15,21,0.5,1,1,1
38,1,7,0,0.3,0,0
38,2,12,0.1,1,0,1
38,3,14,0.1,0.8,0,1
38,4,24,0.1,1,0,1
38,5,2,0.4,0.8,1,1
38,6,8,0.4,0.9,1,1
38,7,8,0.4,0.8,1,1
38,8,2,0.4,0.6,1,1
38,9,2,0.4,1,1,1
38,10,25,0,0.9,0,1
38,11,6,0.3,0.7,1,1
38,12,3,0.4,0.9,1,1
38,13,1,-0.2,0.8,0,1
38,14,4,0.2,0.5,1,0
38,15,4,0.2,0.3,1,0
39,1,4,0.4,1,1,1
39,2,20,0.2,0.9,1,1
39,3,28,0.4,0.7,1,1
39,4,4,0.4,1,1,1
39,5,9,0.3,0.9,1,1
39,6,20,0.2,1,1,1
39,7,1,-0.1,1,1,1
39,8,30,0.1,0.9,1,1
39,9,26,0.3,0.9,1,1
39,10,28,0.4,1,1,1
39,11,29,0.2,1,1,1
39,12,2,-0.1,1,1,1
39,13,9,0.3,1,1,1
39,14,30,0.1,0.9,1,1
39,15,3,-0.3,0.9,0,1
40,1,4,0.4,1,1,1
40,2,8,-0.3,0.8,0,1
40,3,11,0.3,0.9,1,1
40,4,13,0.5,0.8,1,1
40,5,29,0.5,0.9,1,1
40,6,20,0.3,1,1,1
40,7,5,0.5,1,1,1
40,8,5,0.5,1,1,1
40,9,2,0.1,1,1,1
40,10,29,0.5,0.9,1,1
40,11,11,0.3,1,1,1
40,12,4,0.4,1,1,1
40,13,9,0.5,1,1,1
40,14,12,-0.1,0.6,0,1
40,15,3,0.3,0.9,1,1
41,1,14,0.4,1,1,1
41,2,20,0.2,0.9,1,1
41,3,30,0.3,0.7,1,1
41,4,17,0.4,1,1,1
41,5,12,0.5,0.9,1,1
41,6,20,0.2,1,1,1
41,7,5,0.5,1,1,1
41,8,5,0.5,1,1,1
41,9,2,0.1,1,1,1
41,10,13,0.1,0.8,0,1
41,11,22,-0.1,0.9,0,1
41,12,10,0.5,1,1,1
41,13,7,0.1,0.9,1,1
41,14,18,0.5,0.8,1,1
41,15,24,0.1,1,1,1
42,1,15,0.3,0.9,1,1
42,2,3,0.5,0.9,1,1
42,3,13,0.5,0.5,1,1
42,4,8,-0.5,0.7,0,1
42,5,23,0.4,0.9,1,1
42,6,13,0.5,1,1,1
42,7,1,-0.1,1,1,1
42,8,12,-0.3,1,0,1
42,9,30,0.2,0.4,1,0
42,10,27,0.4,0.6,1,1
42,11,3,0.5,0.9,1,1
42,12,27,0.4,0.7,1,1
42,13,23,0.4,0.9,1,1
42,14,27,0.4,0.5,1,0
42,15,3,0.5,0.9,1,1
43,1,13,0.3,1,1,1
43,2,20,-0.2,0.9,0,1
43,3,18,0.3,0.9,1,1
43,4,13,0.3,0.8,1,1
43,5,30,0.5,0.8,1,1
43,6,1,0,1,1,1
43,7,19,0.3,0.5,1,1
43,8,30,0.5,0.9,1,1
43,9,2,0.5,1,1,1
43,10,2,0.5,1,1,1
43,11,24,0.2,0.9,1,1
43,12,2,0.5,1,1,1
43,13,19,0.3,1,1,1
43,14,30,0.5,0.9,1,1
43,15,14,0,0.9,1,1
44,1,14,0.5,1,1,1
44,2,12,0.3,1,1,1
44,3,18,0.4,0.9,1,1
44,4,4,0.4,1,1,1
44,5,12,0.3,0.9,1,1
44,6,20,0.3,1,1,1
44,7,27,0.2,0.8,1,1
44,8,26,0.4,0.8,1,1
44,9,26,0.4,0.9,1,1
44,10,10,0.5,0.9,1,1
44,11,27,0.2,0.8,1,1
44,12,10,0.5,1,1,1
44,13,12,0.3,0.9,1,1
44,14,18,0.4,0.8,1,1
44,15,14,0.5,0.9,1,1
45,1,8,0.4,1,1,1
45,2,8,0.4,0.8,1,1
45,3,17,0.5,0.9,1,1
45,4,17,0.5,1,1,1
45,5,18,0.4,0.9,1,1
45,6,13,0.2,1,1,1
45,7,8,0.4,0.8,1,1
45,8,30,0.3,0.9,1,1
45,9,2,0,1,1,1
45,10,2,0,1,0,1
45,11,29,-0.2,1,0,1
45,12,10,0.4,1,1,1
45,13,19,0.4,1,1,1
45,14,19,0.4,1,1,1
45,15,16,0.3,1,1,1
46,1,8,0.5,1,1,1
46,2,17,0.1,0.7,1,1
46,3,27,0.1,0.9,0,1
46,4,4,0.5,1,1,1
46,5,26,0.1,0.9,1,1
46,6,1,0.5,1,1,1
46,7,1,0.5,1,1,1
46,8,21,0.2,0.8,1,1
46,9,17,0.1,1,1,1
46,10,28,0.2,1,1,1
46,11,24,0.2,0.9,1,1
46,12,1,0.5,0.9,1,1
46,13,19,0.4,1,1,1
46,14,1,0.5,1,1,1
46,15,16,0.2,1,1,1
47,1,14,0.3,1,1,1
47,2,17,0.4,0.7,1,1
47,3,11,0.3,0.9,1,1
47,4,17,0.4,1,1,1
47,5,23,0.1,0.9,1,1
47,6,8,-0.5,0.9,0,1
47,7,5,0.1,1,1,1
47,8,5,0.1,1,1,1
47,9,17,0.4,1,1,1
47,10,17,0.4,0.9,1,1
47,11,5,0.1,0.9,1,1
47,12,23,0.1,0.8,1,1
47,13,14,0.3,0.4,1,0
47,14,22,0.2,0.7,1,1
47,15,25,-0.1,0.9,0,1
48,1,4,0.5,1,1,1
48,2,22,0.4,0.8,1,1
48,3,17,0.4,0.9,1,1
48,4,4,0.5,1,1,1
48,5,26,0.5,0.9,1,1
48,6,20,0.3,1,1,1
48,7,17,0.4,0.8,1,1
48,8,22,0.4,0.9,1,1
48,9,2,0.5,1,1,1
48,10,2,0.5,1,1,1
48,11,22,0.4,0.9,1,1
48,12,4,0.5,1,1,1
48,13,12,0.2,0.9,1,1
48,14,22,0.4,0.7,1,1
48,15,17,0.4,0.9,1,1
49,1,12,0.3,0.8,1,1
49,2,22,0.5,0.8,1,1
49,3,4,0.4,0.3,1,0
49,4,20,0.2,1,1,1
49,5,27,0.5,0.8,1,1
49,6,8,0,0.9,0,1
49,7,16,0.4,0.4,1,0
49,8,27,0.5,0.7,1,1
49,9,27,0.5,0.2,1,0
49,10,27,0.5,0.6,1,1
49,11,12,0.3,0.9,1,1
49,12,16,0.4,0.7,1,1
49,13,27,0.5,0.6,1,0
49,14,22,0.5,0.7,1,1
49,15,24,0.4,1,1,1
50,1,17,0.5,1,1,1
50,2,3,-0.4,0.9,0,1
50,3,24,-0.2,0.8,1,1
50,4,11,0.4,0.9,1,1
50,5,27,-0.1,0.8,1,1
50,6,18,0.5,0.3,1,0
50,7,15,-0.5,0.9,0,1
50,8,11,0.4,0.8,1,1
50,9,11,0.4,0.7,1,1
50,10,26,0.2,0.9,1,1
50,11,11,0.4,1,1,1
50,12,2,-0.5,1,0,1
50,13,23,-0.5,0.9,0,1
50,14,18,0.5,0.8,1,1
50,15,25,0.2,0.9,1,1
51,1,8,0.3,1,1,1
51,2,3,-0.2,0.9,0,1
51,3,17,0.3,0.9,1,1
51,4,23,0.5,0.7,1,1
51,5,29,0.3,0.9,1,1
51,6,1,0.5,1,1,1
51,7,8,0.3,0.8,1,1
51,8,30,0.2,0.9,1,1
51,9,7,0.4,0.6,1,1
51,10,29,0.3,0.9,1,1
51,11,23,0.5,0.5,1,0
51,12,23,0.5,0.8,1,1
51,13,9,0.5,1,1,1
51,14,18,0.4,0.8,1,1
51,15,17,0.3,0.9,1,1
52,1,6,-0.3,0.5,0,0
52,2,4,0.3,0.3,1,0
52,3,2,0.5,0.4,1,1
52,4,12,0.3,0.8,1,1
52,5,27,0.5,0.8,1,1
52,6,21,0.5,0.9,1,1
52,7,8,0.2,0.8,1,1
52,8,20,0.3,0.5,1,0
52,9,17,0.3,1,1,1
52,10,21,0.5,0.7,1,1
52,11,12,0.3,0.9,1,1
52,12,27,0.5,0.7,1,1
52,13,4,0.3,0.6,1,0
52,14,4,0.3,0.5,1,0
52,15,21,0.5,1,1,1
53,1,5,0.4,0.8,1,1
53,2,16,0.1,0.4,1,0
53,3,5,0.4,0.6,1,1
53,4,12,0,0.8,0,1
53,5,27,0.4,0.8,1,1
53,6,20,-0.3,1,0,1
53,7,9,0.5,0.8,1,1
53,8,22,0.5,0.9,1,1
53,9,11,-0.1,0.7,0,1
53,10,21,0.3,0.7,1,1
53,11,27,0.4,0.8,1,1
53,12,29,0.4,0.8,1,1
53,13,24,0.2,0.8,1,1
53,14,22,0.5,0.7,1,1
53,15,14,0.1,0.9,1,1
54,1,13,-0.4,1,0,1
54,2,20,0.4,0.9,1,1
54,3,17,0.2,0.9,1,1
54,4,20,0.4,1,1,1
54,5,18,0.5,0.9,1,1
54,6,22,0.1,0.8,1,1
54,7,14,0.3,0.8,1,1
54,8,5,0.2,1,1,1
54,9,2,0,1,1,1
54,10,11,0.5,0.9,1,1
54,11,11,0.5,1,1,1
54,12,18,0.5,0.8,1,1
54,13,19,0.5,1,1,1
54,14,1,-0.3,1,0,1
54,15,16,0.3,1,1,1
55,1,4,0,1,1,1
55,2,12,-0.3,1,0,1
55,3,18,0.1,0.9,1,1
55,4,11,-0.1,0.9,1,1
55,5,18,0.1,0.9,1,1
55,6,13,-0.2,1,0,1
55,7,29,0.4,1,1,1
55,8,5,-0.4,1,0,1
55,9,29,0.4,0.7,1,1
55,10,2,0,1,1,1
55,11,29,0.4,1,1,1
55,12,16,0.5,0.7,1,1
55,13,13,-0.2,0.9,1,1
55,14,8,-0.2,0.8,0,1
55,15,9,0.4,0.1,1,0
56,1,8,0.4,1,1,1
56,2,1,-0.5,0.7,0,1
56,3,18,0.2,0.9,1,1
56,4,17,0.3,1,1,1
56,5,23,0.1,0.9,1,1
56,6,9,-0.1,0.7,0,1
56,7,15,0.4,0.9,1,1
56,8,30,0.5,0.9,1,1
56,9,17,0.3,1,1,1
56,10,10,-0.5,0.9,0,1
56,11,18,0.2,0.9,1,1
56,12,18,0.2,0.8,1,1
56,13,12,0,0.9,1,1
56,14,30,0.5,0.9,1,1
56,15,17,0.3,0.9,1,1
57,1,6,0.1,0.5,1,0
57,2,19,0.2,0.6,1,1
57,3,18,-0.2,0.9,0,1
57,4,4,0.5,1,1,1
57,5,30,0.5,0.8,1,1
57,6,4,0.5,0.7,1,1
57,7,11,0.3,0.3,1,0
57,8,30,0.5,0.9,1,1
57,9,12,0.2,0.9,1,1
57,10,21,0.4,0.7,1,1
57,11,11,0.3,1,1,1
57,12,2,0.3,1,1,1
57,13,19,0.2,1,1,1
57,14,10,0.2,0.5,1,0
57,15,4,0.5,0.3,1,0
58,1,4,0.5,1,1,1
58,2,22,0.5,0.8,1,1
58,3,27,0.3,0.9,1,1
58,4,8,0.5,0.7,1,1
58,5,9,0.5,0.9,1,1
58,6,8,0.5,0.9,1,1
58,7,4,0.5,0.6,1,1
58,8,25,0.5,0.9,1,1
58,9,12,0,0.9,0,1
58,10,6,0.2,0.6,1,1
58,11,27,0.3,0.8,1,1
58,12,4,0.5,1,1,1
58,13,24,0.2,0.8,1,1
58,14,22,0.5,0.7,1,1
58,15,25,0.5,0.9,1,1
59,1,8,0.4,1,1,1
59,2,8,0.4,0.8,1,1
59,3,30,0,0.7,1,1
59,4,6,0.5,0.2,1,0
59,5,8,0.4,0.6,1,0
59,6,26,0,0.9,1,1
59,7,9,0.5,0.8,1,1
59,8,15,-0.5,0.3,0,0
59,9,25,0.5,0.6,1,1
59,10,25,0.5,0.9,1,1
59,11,3,0.4,0.9,1,1
59,12,9,0.5,0.6,1,0
59,13,9,0.5,1,1,1
59,14,20,0.2,0.5,1,1
59,15,9,0.5,0.1,1,0
60,1,17,0.4,1,1,1
60,2,8,0.4,0.8,1,1
60,3,18,0.4,0.9,1,1
60,4,17,0.4,1,1,1
60,5,18,0.4,0.9,1,1
60,6,9,0.5,0.7,1,1
60,7,9,0.5,0.8,1,1
60,8,22,-0.2,0.9,0,1
60,9,17,0.4,1,1,1
60,10,13,0.2,0.8,1,1
60,11,27,0.5,0.8,1,1
60,12,10,0.5,1,1,1
60,13,9,0.5,1,1,1
60,14,9,0.5,0.5,1,0
60,15,17,0.4,0.9,1,1
61,1,20,0.5,0.6,1,1
61,2,14,0.5,0.7,1,1
61,3,7,0.4,0.6,1,1
61,4,20,0.5,1,1,1
61,5,11,0.3,0.7,1,1
61,6,25,0.4,0.8,1,1
61,7,14,0.5,0.8,1,1
61,8,14,0.5,0.6,1,1
61,9,18,0.4,0.6,1,1
61,10,21,0.5,0.7,1,1
61,11,14,0.5,0.7,1,1
61,12,25,0.4,0.5,1,0
61,13,12,0.4,0.9,1,1
61,14,20,0.5,0.5,1,0
61,15,13,0,0.5,0,1
62,1,13,0.5,1,1,1
62,2,30,0.4,0.4,1,0
62,3,11,0.3,0.9,1,1
62,4,13,0.5,0.8,1,1
62,5,23,0.5,0.9,1,1
62,6,20,0.5,1,1,1
62,7,13,0.5,0.6,1,1
62,8,12,0.2,1,1,1
62,9,26,0.5,0.9,1,1
62,10,2,0.3,1,1,1
62,11,3,0.5,0.9,1,1
62,12,4,0.4,1,1,1
62,13,23,0.5,0.9,1,1
62,14,14,0.4,0.7,1,1
62,15,21,0.1,1,0,1
63,1,13,0.4,1,1,1
63,2,12,0.5,1,1,1
63,3,14,0.4,0.8,1,1
63,4,12,0.5,0.8,1,1
63,5,12,0.5,0.9,1,1
63,6,13,0.4,1,1,1
63,7,14,0.4,0.8,1,1
63,8,12,0.5,1,1,1
63,9,26,0,0.9,1,1
63,10,13,0.4,0.8,1,1
63,11,12,0.5,0.9,1,1
63,12,4,0.5,1,1,1
63,13,12,0.5,0.9,1,1
63,14,14,0.4,0.7,1,1
63,15,14,0.4,0.9,1,1
64,1,8,0.5,1,1,1
64,2,25,0.5,0.5,1,1
64,3,25,0.5,0.7,1,1
64,4,5,0.2,0.2,1,0
64,5,29,0.1,0.9,0,1
64,6,13,0.4,1,1,1
64,7,9,0.4,0.8,1,1
64,8,25,0.5,0.9,1,1
64,9,2,0.3,1,1,1
64,10,25,0.5,0.9,1,1
64,11,18,0.4,0.9,1,1
64,12,18,0.4,0.8,1,1
64,13,9,0.4,1,1,1
64,14,30,0,0.9,0,1
64,15,13,0.4,0.5,1,1
65,1,25,0.1,0.7,1,1
65,2,14,-0.1,0.7,0,1
65,3,27,0,0.9,1,1
65,4,17,-0.2,1,0,1
65,5,2,0.5,0.8,1,1
65,6,20,-0.3,1,0,1
65,7,9,0.3,0.8,1,1
65,8,30,0.4,0.9,1,1
65,9,22,0.1,0.6,1,1
65,10,2,0.5,1,1,1
65,11,3,0,0.9,1,1
65,12,2,0.5,1,1,1
65,13,9,0.3,1,1,1
65,14,12,0.2,0.6,1,1
65,15,17,-0.2,0.9,0,1
66,1,4,0.4,1,1,1
66,2,20,0.5,0.9,1,1
66,3,19,0.3,0.8,1,1
66,4,20,0.5,1,1,1
66,5,23,0.5,0.9,1,1
66,6,1,0.5,1,1,1
66,7,1,0.5,1,1,1
66,8,12,-0.1,1,0,1
66,9,19,0.3,0.8,1,1
66,10,10,0.3,0.9,1,1
66,11,11,0,1,1,1
66,12,10,0.3,1,1,1
66,13,19,0.3,1,1,1
66,14,19,0.3,1,1,1
66,15,1,0.5,0.5,1,1
67,1,17,0.3,1,1,1
67,2,3,0.3,0.9,1,1
67,3,17,0.3,0.9,1,1
67,4,4,0.4,1,1,1
67,5,12,-0.1,0.9,0,1
67,6,13,0.3,1,1,1
67,7,5,0.5,1,1,1
67,8,5,0.5,1,1,1
67,9,17,0.3,1,1,1
67,10,17,0.3,0.9,1,1
67,11,24,0.2,0.9,1,1
67,12,4,0.4,1,1,1
67,13,12,-0.1,0.9,1,1
67,14,10,0.1,0.5,1,1
67,15,24,0.2,1,1,1
68,1,17,0.3,1,1,1
68,2,20,0.4,0.9,1,1
68,3,11,0.1,0.9,1,1
68,4,24,0,1,0,1
68,5,23,0.1,0.9,0,1
68,6,1,0.2,1,1,1
68,7,17,0.3,0.8,1,1
68,8,12,0.5,1,1,1
68,9,17,0.3,1,1,1
68,10,28,0.3,1,1,1
68,11,3,0.4,0.9,1,1
68,12,4,0.3,1,1,1
68,13,23,0.1,0.9,0,1
68,14,1,0.2,1,1,1
68,15,16,0,1,0,1
69,1,14,0.3,1,1,1
69,2,20,0.2,0.9,1,1
69,3,14,0.3,0.8,1,1
69,4,4,0.5,1,1,1
69,5,26,0.5,0.9,1,1
69,6,26,0.5,0.9,1,1
69,7,29,0.4,1,1,1
69,8,26,0.5,0.8,1,1
69,9,2,0.5,1,1,1
69,10,26,0.5,0.9,1,1
69,11,29,0.4,1,1,1
69,12,2,0.5,1,1,1
69,13,9,0,1,0,1
69,14,29,0.4,0.6,1,1
69,15,16,0.4,1,1,1
70,1,13,0.5,1,1,1
70,2,3,0.5,0.9,1,1
70,3,17,0.5,0.9,1,1
70,4,13,0.5,0.8,1,1
70,5,26,0.4,0.9,1,1
70,6,26,0.4,0.9,1,1
70,7,20,0.2,0.5,1,1
70,8,30,0.3,0.9,1,1
70,9,19,0,0.8,0,1
70,10,19,0,0.9,0,1
70,11,12,0.5,0.9,1,1
70,12,29,-0.3,0.8,0,1
70,13,3,0.5,0.8,1,1
70,14,1,0.3,1,1,1
70,15,24,0.4,1,1,1
71,1,13,0,1,1,1
71,2,17,0.4,0.7,1,1
71,3,17,0.4,0.9,1,1
71,4,17,0.4,1,1,1
71,5,18,0.5,0.9,1,1
71,6,12,0.4,0.4,1,0
71,7,17,0.4,0.8,1,1
71,8,27,0.2,0.7,1,1
71,9,11,0.2,0.7,1,1
71,10,25,0.2,0.9,1,1
71,11,18,0.5,0.9,1,1
71,12,18,0.5,0.8,1,1
71,13,3,0.3,0.8,1,1
71,14,27,0.2,0.5,1,1
71,15,17,0.4,0.9,1,1
72,1,13,0.5,1,1,1
72,2,12,0.5,1,1,1
72,3,19,0.2,0.8,1,1
72,4,25,0.4,0.9,1,1
72,5,25,0.4,1,1,1
72,6,13,0.5,1,1,1
72,7,10,0.4,0.6,1,1
72,8,12,0.5,1,1,1
72,9,17,-0.5,1,0,1
72,10,13,0.5,0.8,1,1
72,11,29,0.3,1,1,1
72,12,4,-0.3,1,0,1
72,13,9,0.2,1,1,1
72,14,19,0.2,1,1,1
72,15,13,0.5,0.5,1,1
73,1,9,0.5,0.8,1,1
73,2,12,0.4,1,1,1
73,3,7,0.4,0.6,1,1
73,4,12,0.4,0.8,1,1
73,5,9,0.5,0.9,1,1
73,6,1,0.5,1,1,1
73,7,1,0.5,1,1,1
73,8,12,0.4,1,1,1
73,9,29,0.4,0.7,1,1
73,10,29,0.4,0.9,1,1
73,11,29,0.4,1,1,1
73,12,1,0.5,0.9,1,1
73,13,9,0.5,1,1,1
73,14,1,0.5,1,1,1
73,15,1,0.5,0.5,1,1
74,1,13,0.4,1,1,1
74,2,3,0.4,0.9,1,1
74,3,27,0.4,0.9,1,1
74,4,24,0.5,1,1,1
74,5,18,0.4,0.9,1,1
74,6,13,0.4,1,1,1
74,7,29,0.4,1,1,1
74,8,18,0.4,0.8,1,1
74,9,12,0.2,0.9,1,1
74,10,26,0.5,0.9,1,1
74,11,29,0.4,1,1,1
74,12,10,0.3,1,1,1
74,13,19,0.3,1,1,1
74,14,8,0.2,0.8,1,1
74,15,16,0.4,1,1,1
75,1,8,0.4,1,1,1
75,2,8,0.4,0.8,1,1
75,3,18,0.3,0.9,1,1
75,4,17,0.2,1,1,1
75,5,25,-0.1,1,1,1
75,6,16,-0.5,0.6,0,1
75,7,29,0.5,1,1,1
75,8,22,-0.4,0.9,0,1
75,9,17,0.2,1,1,1
75,10,17,0.2,0.9,1,1
75,11,29,0.5,1,1,1
75,12,2,0.1,1,1,1
75,13,13,0.4,0.9,1,1
75,14,19,0.5,1,1,1
75,15,24,0,1,1,1
76,1,4,0.3,1,1,1
76,2,20,0.2,0.9,1,1
76,3,18,0.4,0.9,1,1
76,4,24,0.3,1,1,1
76,5,18,0.4,0.9,1,1
76,6,13,-0.3,1,0,1
76,7,17,-0.4,0.8,0,1
76,8,22,0.4,0.9,1,1
76,9,12,0.2,0.9,1,1
76,10,28,0.5,1,1,1
76,11,18,0.4,0.9,1,1
76,12,4,0.3,1,1,1
76,13,28,0.5,0.9,1,1
76,14,19,0.3,1,1,1
76,15,24,0.3,1,1,1
77,1,8,0.5,1,1,1
77,2,12,0.5,1,1,1
77,3,11,0.1,0.9,0,1
77,4,20,0.5,1,1,1
77,5,18,0.1,0.9,0,1
77,6,20,0.5,1,1,1
77,7,29,0.2,1,1,1
77,8,12,0.5,1,1,1
77,9,12,0.5,0.9,1,1
77,10,17,-0.2,0.9,0,1
77,11,11,0.1,1,0,1
77,12,4,0.4,1,1,1
77,13,23,-0.2,0.9,0,1
77,14,19,0.1,1,0,1
77,15,16,0.2,1,1,1
78,1,17,0.5,1,1,1
78,2,1,0.1,0.7,1,1
78,3,17,0.5,0.9,1,1
78,4,25,0.3,0.9,1,1
78,5,25,0.3,1,1,1
78,6,25,0.3,0.8,1,1
78,7,29,0.3,1,1,1
78,8,22,0.3,0.9,1,1
78,9,17,0.5,1,1,1
78,10,2,0.4,1,1,1
78,11,24,0.3,0.9,1,1
78,12,2,0.4,1,1,1
78,13,9,0.4,1,1,1
78,14,22,0.3,0.7,1,1
78,15,25,0.3,0.9,1,1
79,1,22,0.4,0.8,1,1
79,2,12,0.4,1,1,1
79,3,7,0.3,0.6,1,1
79,4,20,0.4,1,1,1
79,5,26,0.4,0.9,1,1
79,6,20,0.4,1,1,1
79,7,1,0.3,1,1,1
79,8,12,0.4,1,1,1
79,9,16,0.4,0.4,1,0
79,10,26,0.4,0.9,1,1
79,11,12,0.4,0.9,1,1
79,12,3,0.3,0.9,1,1
79,13,23,0.1,0.9,1,1
79,14,22,0.4,0.7,1,1
79,15,28,0.2,0.4,1,0
80,1,9,0.5,0.8,1,1
80,2,3,-0.2,0.9,0,1
80,3,27,0.2,0.9,1,1
80,4,21,0.4,0.8,1,1
80,5,25,0.4,1,1,1
80,6,13,-0.2,1,0,1
80,7,29,0.5,1,1,1
80,8,22,0.5,0.9,1,1
80,9,2,0.1,1,1,1
80,10,25,0.4,0.9,1,1
80,11,22,0.5,0.9,1,1
80,12,10,0.5,1,1,1
80,13,9,0.5,1,1,1
80,14,8,0.1,0.8,0,1
80,15,13,-0.2,0.5,0,1
81,1,4,0.1,1,0,1
81,2,20,0.3,0.9,1,1
81,3,14,0.5,0.8,1,1
81,4,20,0.3,1,1,1
81,5,29,0.3,0.9,1,1
81,6,20,0.3,1,1,1
81,7,17,0.4,0.8,1,1
81,8,26,0.1,0.8,0,1
81,9,2,-0.3,1,0,1
81,10,10,0.4,0.9,1,1
81,11,29,0.3,1,1,1
81,12,3,0.5,0.9,1,1
81,13,9,0.4,1,1,1
81,14,22,0.3,0.7,1,1
81,15,24,-0.5,1,0,1
82,1,14,0.2,1,1,1
82,2,12,0.1,1,1,1
82,3,11,0.3,0.9,1,1
82,4,4,0.5,1,1,1
82,5,18,0.4,0.9,1,1
82,6,8,0.1,0.9,1,1
82,7,1,0.2,1,1,1
82,8,11,0.3,0.8,1,1
82,9,4,0.5,0.7,1,1
82,10,28,-0.1,1,0,1
82,11,18,0.4,0.9,1,1
82,12,4,0.5,1,1,1
82,13,7,0.5,0.9,1,1
82,14,1,0.2,1,1,1
82,15,16,0.5,1,1,1
83,1,17,0,1,1,1
83,2,3,-0.2,0.9,0,1
83,3,11,-0.1,0.9,0,1
83,4,4,0.3,1,1,1
83,5,26,0.5,0.9,1,1
83,6,8,0.3,0.9,1,1
83,7,8,0.3,0.8,1,1
83,8,5,0.4,1,1,1
83,9,7,0.5,0.6,1,1
83,10,26,0.5,0.9,1,1
83,11,11,-0.1,1,0,1
83,12,23,0,0.8,1,1
83,13,7,0.5,0.9,1,1
83,14,8,0.3,0.8,1,1
83,15,24,0.1,1,1,1
84,1,17,0.5,1,1,1
84,2,17,0.5,0.7,1,1
84,3,17,0.5,0.9,1,1
84,4,17,0.5,1,1,1
84,5,18,0.3,0.9,1,1
84,6,1,0.1,1,1,1
84,7,9,0.2,0.8,1,1
84,8,5,0,1,1,1
84,9,17,0.5,1,1,1
84,10,28,0.5,1,1,1
84,11,24,0.4,0.9,1,1
84,12,2,0,1,1,1
84,13,28,0.5,0.9,1,1
84,14,18,0.3,0.8,1,1
84,15,24,0.4,1,1,1
85,1,13,-0.1,1,1,1
85,2,8,0.5,0.8,1,1
85,3,27,0.1,0.9,1,1
85,4,24,0.5,1,1,1
85,5,25,0.4,1,1,1
85,6,1,0.4,1,1,1
85,7,5,0.5,1,1,1
85,8,12,-0.3,1,0,1
85,9,12,-0.3,0.9,0,1
85,10,17,-0.3,0.9,0,1
85,11,11,0.2,1,1,1
85,12,1,0.4,0.9,1,1
85,13,19,0.4,1,1,1
85,14,1,0.4,1,1,1
85,15,16,0.3,1,1,1
86,1,14,-0.1,1,0,1
86,2,22,0.3,0.8,1,1
86,3,27,0.4,0.9,1,1
86,4,24,0.4,1,1,1
86,5,12,-0.2,0.9,0,1
86,6,26,0.5,0.9,1,1
86,7,5,0.3,1,1,1
86,8,25,0.5,0.9,1,1
86,9,29,0.5,0.7,1,1
86,10,28,-0.3,1,0,1
86,11,29,0.5,1,1,1
86,12,23,0.4,0.8,1,1
86,13,9,0,1,1,1
86,14,30,0,0.9,1,1
86,15,24,0.4,1,1,1
87,1,15,0.4,0.9,1,1
87,2,3,0.5,0.9,1,1
87,3,25,0.5,0.7,1,1
87,4,20,0.2,1,1,1
87,5,25,0.5,1,1,1
87,6,7,0.4,0.5,1,1
87,7,15,0.4,0.9,1,1
87,8,12,0.5,1,1,1
87,9,12,0.5,0.9,1,1
87,10,11,-0.1,0.9,0,1
87,11,12,0.5,0.9,1,1
87,12,3,0.5,0.9,1,1
87,13,12,0.5,0.9,1,1
87,14,18,0.2,0.8,1,1
87,15,25,0.5,0.9,1,1
88,1,13,-0.1,1,0,1
88,2,20,0.3,0.9,1,1
88,3,18,0.4,0.9,1,1
88,4,4,-0.4,1,0,1
88,5,26,0.1,0.9,1,1
88,6,20,0.3,1,1,1
88,7,29,0.2,1,1,1
88,8,5,0.1,1,1,1
88,9,19,0.4,0.8,1,1
88,10,28,0.3,1,1,1
88,11,11,0.3,1,1,1
88,12,2,0.3,1,1,1
88,13,20,0.3,0.8,1,1
88,14,19,0.4,1,1,1
88,15,17,-0.2,0.9,0,1
89,1,11,-0.2,0.4,0,0
89,2,22,0.5,0.8,1,1
89,3,10,0.5,0.6,1,1
89,4,6,0.1,0.2,1,0
89,5,8,0.5,0.6,1,0
89,6,13,0.2,1,1,1
89,7,17,0.4,0.8,1,1
89,8,19,0.4,0.6,1,1
89,9,13,0.2,0.2,1,0
89,10,21,-0.2,0.7,0,1
89,11,22,0.5,0.9,1,1
89,12,21,-0.2,0.5,0,0
89,13,13,0.2,0.9,1,1
89,14,1,0.5,1,1,1
89,15,8,0.5,0.6,1,1
90,1,8,0,1,0,1
90,2,12,0.3,1,1,1
90,3,25,0.4,0.7,1,1
90,4,24,-0.2,1,0,1
90,5,25,0.4,1,1,1
90,6,25,0.4,0.8,1,1
90,7,8,0,0.8,1,1
90,8,12,0.3,1,1,1
90,9,2,0.5,1,1,1
90,10,11,0.1,0.9,1,1
90,11,24,-0.2,0.9,0,1
90,12,2,0.5,1,1,1
90,13,9,0.5,1,1,1
90,14,1,-0.1,1,0,1
90,15,16,0.1,1,1,1
91,1,26,0.5,0.5,1,0
91,2,11,0.1,0.7,1,1
91,3,30,0.4,0.7,1,1
91,4,4,0.3,1,1,1
91,5,26,0.5,0.9,1,1
91,6,26,0.5,0.9,1,1
91,7,19,0.4,0.5,1,0
91,8,25,0,0.9,1,1
91,9,2,0.2,1,1,1
91,10,2,0.2,1,1,1
91,11,23,-0.1,0.5,0,0
91,12,3,0.3,0.9,1,1
91,13,5,0.1,0.9,1,1
91,14,19,0.4,1,1,1
91,15,1,0.2,0.5,1,1
92,1,28,0.3,0.7,1,1
92,2,29,0,0.7,0,1
92,3,27,0.4,0.9,1,1
92,4,12,0.3,0.8,1,1
92,5,25,-0.1,1,0,1
92,6,1,0.5,1,1,1
92,7,14,0,0.8,1,1
92,8,12,0.3,1,1,1
92,9,4,-0.2,0.7,0,1
92,10,17,0,0.9,1,1
92,11,6,0,0.7,1,1
92,12,1,0.5,0.9,1,1
92,13,28,0.3,0.9,1,1
92,14,30,0.4,0.9,1,1
92,15,13,0,0.5,1,1
93,1,13,0.4,1,1,1
93,2,12,0.3,1,1,1
93,3,17,0,0.9,0,1
93,4,25,0.5,0.9,1,1
93,5,25,0.5,1,1,1
93,6,20,0.5,1,1,1
93,7,5,0.5,1,1,1
93,8,12,0.3,1,1,1
93,9,2,0.4,1,1,1
93,10,10,0.5,0.9,1,1
93,11,3,0.4,0.9,1,1
93,12,10,0.5,1,1,1
93,13,5,0.5,0.9,1,1
93,14,30,0.2,0.9,1,1
93,15,21,0.1,1,1,1
94,1,14,-0.3,1,0,1
94,2,19,0.3,0.6,1,1
94,3,17,0.5,0.9,1,1
94,4,17,0.5,1,1,1
94,5,30,0.5,0.8,1,1
94,6,10,0.2,0.5,1,1
94,7,5,0,1,1,1
94,8,5,0,1,1,1
94,9,2,0.2,1,1,1
94,10,17,0.5,0.9,1,1
94,11,24,0.3,0.9,1,1
94,12,3,0.2,0.9,1,1
94,13,19,0.3,1,1,1
94,14,19,0.3,1,1,1
94,15,24,0.3,1,1,1
95,1,4,0.4,1,1,1
95,2,20,0.1,0.9,1,1
95,3,18,0.5,0.9,1,1
95,4,17,0.4,1,1,1
95,5,25,0.3,1,1,1
95,6,20,0.1,1,1,1
95,7,8,0.5,0.8,1,1
95,8,25,0.3,0.9,1,1
95,9,2,0.5,1,1,1
95,10,28,0.5,1,1,1
95,11,18,0.5,0.9,1,1
95,12,2,0.5,1,1,1
95,13,19,0.1,1,1,1
95,14,18,0.5,0.8,1,1
95,15,24,0.3,1,1,1
96,1,12,0.4,0.8,1,1
96,2,1,0.4,0.7,1,1
96,3,28,0.4,0.7,1,1
96,4,12,0.4,0.8,1,1
96,5,12,0.4,0.9,1,1
96,6,1,0.4,1,1,1
96,7,15,0.4,0.9,1,1
96,8,22,0.1,0.9,1,1
96,9,12,0.4,0.9,1,1
96,10,28,0.4,1,1,1
96,11,12,0.4,0.9,1,1
96,12,2,-0.2,1,0,1
96,13,28,0.4,0.9,1,1
96,14,12,0.4,0.6,1,1
96,15,16,0.2,1,1,1
97,1,4,0.4,1,1,1
97,2,12,0.5,1,1,1
97,3,17,0.1,0.9,1,1
97,4,4,0.4,1,1,1
97,5,12,0.5,0.9,1,1
97,6,1,0.5,1,1,1
97,7,1,0.5,1,1,1
97,8,5,0.2,1,1,1
97,9,12,0.5,0.9,1,1
97,10,2,0.3,1,1,1
97,11,3,0.1,0.9,1,1
97,12,2,0.3,1,1,1
97,13,23,0.3,0.9,1,1
97,14,1,0.5,1,1,1
97,15,21,0.2,1,1,1
98,1,28,0.5,0.7,1,1
98,2,19,0.3,0.6,1,1
98,3,11,0.1,0.9,1,1
98,4,25,0.4,0.9,1,1
98,5,27,0.3,0.8,1,1
98,6,20,0.5,1,1,1
98,7,17,0,0.8,0,1
98,8,22,0.2,0.9,1,1
98,9,2,0.3,1,1,1
98,10,28,0.5,1,1,1
98,11,3,0.2,0.9,1,1
98,12,2,0.3,1,1,1
98,13,19,0.3,1,1,1
98,14,9,0.3,0.5,1,1
98,15,25,0.4,0.9,1,1
99,1,13,0.5,1,1,1
99,2,20,0.5,0.9,1,1
99,3,5,0,0.6,1,1
99,4,13,0.5,0.8,1,1
99,5,13,0.5,0.8,1,1
99,6,20,0.5,1,1,1
99,7,8,0.5,0.8,1,1
99,8,24,0.5,0.6,1,1
99,9,1,0.2,0.3,1,0
99,10,8,0.5,0.4,1,0
99,11,28,0.4,0.8,1,1
99,12,3,0.3,0.9,1,1
99,13,12,-0.2,0.9,1,1
99,14,8,0.5,0.8,1,1
99,15,24,0.5,1,1,1
100,1,4,0.2,1,1,1
100,2,22,-0.1,0.8,0,1
100,3,24,0.2,0.8,1,1
100,4,18,0.3,0.2,1,0
100,5,25,0.4,1,1,1
100,6,26,0.2,0.9,1,1
100,7,15,0.3,0.9,1,1
100,8,18,0.3,0.8,1,1
100,9,4,0.2,0.7,1,1
100,10,29,0.4,0.9,1,1
100,11,29,0.4,1,1,1
100,12,27,0.1,0.7,1,1
100,13,17,-0.3,0.6,0,0
100,14,26,0.2,0.5,1,1
100,15,24,0.2,1,1,1
