1,5,"[60 30 50 30 70 60 60 10 110 80 50 70 40 50]"
1,10,"[115 60 115 70 60 125 60 60 75 130 45 120 10 40]"
1,1,"[25 60 5 40 40 65 90 25 30 0 90 5 65 30]"
1,6,"[60 50 50 90 70 80 50 30 90 50 50 80 60 40]"
1,4,"[20 95 0 70 70 60 70 70 20 85 95 0 20 0]"
1,5,"[10 40 0 40 40 0 30 20 60 30 30 30 20 20]"
3,12,"[115 60 115 70 60 125 60 60 75 130 45 120 10 40]"
3,9,"[25 60 5 40 40 65 90 25 30 0 90 5 65 30]"
3,10,"[60 30 50 30 70 60 60 10 110 80 50 70 40 50]"
3,2,"[20 95 0 70 70 60 70 70 20 85 95 0 20 0]"
3,9,"[10 40 0 40 40 0 30 20 60 30 30 30 20 20]"
3,12,"[60 50 50 90 70 80 50 30 90 50 50 80 60 40]"
3,7,"[30 10 20 10 50 40 40 0 30 20 20 20 20 30]"
3,7,"[25 10 65 35 55 35 5 110 60 15 85 25 70 75]"
4,7,"[30 10 20 10 50 40 40 0 30 20 20 20 20 30]"
4,12,"[10 40 0 40 40 0 30 20 60 30 30 30 20 20]"
4,12,"[115 60 115 70 60 125 60 60 75 130 45 120 10 40]"
4,11,"[20 95 0 70 70 60 70 70 20 85 95 0 20 0]"
4,14,"[60 30 50 30 70 60 60 10 110 80 50 70 40 50]"
4,11,"[25 60 5 40 40 65 90 25 30 0 90 5 65 30]"
4,8,"[25 10 65 35 55 35 5 110 60 15 85 25 70 75]"
4,10,"[60 50 50 90 70 80 50 30 90 50 50 80 60 40]"
5,9,"[10 40 0 40 40 0 30 20 60 30 30 30 20 20]"
5,13,"[25 10 65 35 55 35 5 110 60 15 85 25 70 75]"
5,12,"[60 50 50 90 70 80 50 30 90 50 50 80 60 40]"
5,2,"[20 95 0 70 70 60 70 70 20 85 95 0 20 0]"
5,7,"[60 30 50 30 70 60 60 10 110 80 50 70 40 50]"
5,6,"[30 10 20 10 50 40 40 0 30 20 20 20 20 30]"
5,11,"[25 60 5 40 40 65 90 25 30 0 90 5 65 30]"
9,5,"[60 50 50 90 70 80 50 30 90 50 50 80 60 40]"
9,8,"[20 95 0 70 70 60 70 70 20 85 95 0 20 0]"
9,10,"[10 40 0 40 40 0 30 20 60 30 30 30 20 20]"
9,1,"[25 10 65 35 55 35 5 110 60 15 85 25 70 75]"
9,9,"[30 10 20 10 50 40 40 0 30 20 20 20 20 30]"
9,1,"[25 60 5 40 40 65 90 25 30 0 90 5 65 30]"
9,5,"[60 30 50 30 70 60 60 10 110 80 50 70 40 50]"
11,5,"[25 60 5 40 40 65 90 25 30 0 90 5 65 30]"
11,5,"[30 10 20 10 50 40 40 0 30 20 20 20 20 30]"
11,12,"[115 60 115 70 60 125 60 60 75 130 45 120 10 40]"
11,9,"[60 30 50 30 70 60 60 10 110 80 50 70 40 50]"
11,5,"[60 50 50 90 70 80 50 30 90 50 50 80 60 40]"
11,9,"[10 40 0 40 40 0 30 20 60 30 30 30 20 20]"
11,11,"[25 10 65 35 55 35 5 110 60 15 85 25 70 75]"
11,2,"[20 95 0 70 70 60 70 70 20 85 95 0 20 0]"
12,11,"[25 60 5 40 40 65 90 25 30 0 90 5 65 30]"
12,10,"[60 50 50 90 70 80 50 30 90 50 50 80 60 40]"
12,9,"[10 40 0 40 40 0 30 20 60 30 30 30 20 20]"
12,9,"[25 10 65 35 55 35 5 110 60 15 85 25 70 75]"
12,10,"[20 95 0 70 70 60 70 70 20 85 95 0 20 0]"
12,1,"[115 60 115 70 60 125 60 60 75 130 45 120 10 40]"
16,9,"[10 40 0 40 40 0 30 20 60 30 30 30 20 20]"
16,11,"[25 60 5 40 40 65 90 25 30 0 90 5 65 30]"
16,9,"[60 50 50 90 70 80 50 30 90 50 50 80 60 40]"
16,10,"[60 30 50 30 70 60 60 10 110 80 50 70 40 50]"
16,11,"[25 10 65 35 55 35 5 110 60 15 85 25 70 75]"
16,10,"[20 95 0 70 70 60 70 70 20 85 95 0 20 0]"
16,1,"[115 60 115 70 60 125 60 60 75 130 45 120 10 40]"
16,5,"[30 10 20 10 50 40 40 0 30 20 20 20 20 30]"
17,7,"[25 60 5 40 40 65 90 25 30 0 90 5 65 30]"
17,12,"[30 10 20 10 50 40 40 0 30 20 20 20 20 30]"
17,1,"[60 50 50 90 70 80 50 30 90 50 50 80 60 40]"
17,12,"[25 10 65 35 55 35 5 110 60 15 85 25 70 75]"
17,7,"[60 30 50 30 70 60 60 10 110 80 50 70 40 50]"
17,11,"[10 40 0 40 40 0 30 20 60 30 30 30 20 20]"
17,12,"[115 60 115 70 60 125 60 60 75 130 45 120 10 40]"
17,11,"[20 95 0 70 70 60 70 70 20 85 95 0 20 0]"
18,13,"[10 40 0 40 40 0 30 20 60 30 30 30 20 20]"
18,11,"[25 60 5 40 40 65 90 25 30 0 90 5 65 30]"
18,10,"[20 95 0 70 70 60 70 70 20 85 95 0 20 0]"
18,6,"[115 60 115 70 60 125 60 60 75 130 45 120 10 40]"
18,11,"[25 10 65 35 55 35 5 110 60 15 85 25 70 75]"
18,10,"[60 30 50 30 70 60 60 10 110 80 50 70 40 50]"
18,6,"[60 50 50 90 70 80 50 30 90 50 50 80 60 40]"
18,5,"[30 10 20 10 50 40 40 0 30 20 20 20 20 30]"
19,2,"[115 60 115 70 60 125 60 60 75 130 45 120 10 40]"
19,11,"[60 30 50 30 70 60 60 10 110 80 50 70 40 50]"
19,8,"[25 10 65 35 55 35 5 110 60 15 85 25 70 75]"
19,9,"[25 60 5 40 40 65 90 25 30 0 90 5 65 30]"
19,11,"[10 40 0 40 40 0 30 20 60 30 30 30 20 20]"
19,9,"[60 50 50 90 70 80 50 30 90 50 50 80 60 40]"
19,7,"[20 95 0 70 70 60 70 70 20 85 95 0 20 0]"
22,6,"[60 30 50 30 70 60 60 10 110 80 50 70 40 50]"
22,6,"[30 10 20 10 50 40 40 0 30 20 20 20 20 30]"
22,1,"[115 60 115 70 60 125 60 60 75 130 45 120 10 40]"
22,11,"[20 95 0 70 70 60 70 70 20 85 95 0 20 0]"
22,9,"[10 40 0 40 40 0 30 20 60 30 30 30 20 20]"
22,6,"[60 50 50 90 70 80 50 30 90 50 50 80 60 40]"
22,8,"[25 10 65 35 55 35 5 110 60 15 85 25 70 75]"
24,11,"[25 10 65 35 55 35 5 110 60 15 85 25 70 75]"
24,6,"[60 30 50 30 70 60 60 10 110 80 50 70 40 50]"
24,9,"[115 60 115 70 60 125 60 60 75 130 45 120 10 40]"
24,5,"[25 60 5 40 40 65 90 25 30 0 90 5 65 30]"
24,5,"[60 50 50 90 70 80 50 30 90 50 50 80 60 40]"
24,11,"[20 95 0 70 70 60 70 70 20 85 95 0 20 0]"
24,6,"[30 10 20 10 50 40 40 0 30 20 20 20 20 30]"
26,7,"[10 40 0 40 40 0 30 20 60 30 30 30 20 20]"
26,6,"[20 95 0 70 70 60 70 70 20 85 95 0 20 0]"
26,1,"[25 10 65 35 55 35 5 110 60 15 85 25 70 75]"
26,7,"[60 50 50 90 70 80 50 30 90 50 50 80 60 40]"
26,11,"[30 10 20 10 50 40 40 0 30 20 20 20 20 30]"
26,1,"[115 60 115 70 60 125 60 60 75 130 45 120 10 40]"
26,2,"[60 30 50 30 70 60 60 10 110 80 50 70 40 50]"
26,6,"[25 60 5 40 40 65 90 25 30 0 90 5 65 30]"
28,6,"[25 10 65 35 55 35 5 110 60 15 85 25 70 75]"
28,9,"[20 95 0 70 70 60 70 70 20 85 95 0 20 0]"
28,9,"[60 30 50 30 70 60 60 10 110 80 50 70 40 50]"
28,12,"[60 50 50 90 70 80 50 30 90 50 50 80 60 40]"
28,6,"[30 10 20 10 50 40 40 0 30 20 20 20 20 30]"
28,9,"[10 40 0 40 40 0 30 20 60 30 30 30 20 20]"
28,6,"[25 60 5 40 40 65 90 25 30 0 90 5 65 30]"
28,12,"[115 60 115 70 60 125 60 60 75 130 45 120 10 40]"
29,7,"[20 95 0 70 70 60 70 70 20 85 95 0 20 0]"
29,13,"[25 10 65 35 55 35 5 110 60 15 85 25 70 75]"
29,6,"[25 60 5 40 40 65 90 25 30 0 90 5 65 30]"
29,2,"[60 50 50 90 70 80 50 30 90 50 50 80 60 40]"
29,5,"[10 40 0 40 40 0 30 20 60 30 30 30 20 20]"
29,6,"[115 60 115 70 60 125 60 60 75 130 45 120 10 40]"
29,13,"[30 10 20 10 50 40 40 0 30 20 20 20 20 30]"
29,5,"[60 30 50 30 70 60 60 10 110 80 50 70 40 50]"
30,4,"[25 60 5 40 40 65 90 25 30 0 90 5 65 30]"
30,10,"[60 30 50 30 70 60 60 10 110 80 50 70 40 50]"
30,9,"[10 40 0 40 40 0 30 20 60 30 30 30 20 20]"
30,2,"[20 95 0 70 70 60 70 70 20 85 95 0 20 0]"
30,1,"[25 10 65 35 55 35 5 110 60 15 85 25 70 75]"
30,12,"[115 60 115 70 60 125 60 60 75 130 45 120 10 40]"
30,7,"[30 10 20 10 50 40 40 0 30 20 20 20 20 30]"
33,14,"[30 10 20 10 50 40 40 0 30 20 20 20 20 30]"
33,13,"[25 60 5 40 40 65 90 25 30 0 90 5 65 30]"
33,8,"[25 10 65 35 55 35 5 110 60 15 85 25 70 75]"
33,12,"[60 50 50 90 70 80 50 30 90 50 50 80 60 40]"
33,12,"[115 60 115 70 60 125 60 60 75 130 45 120 10 40]"
33,8,"[60 30 50 30 70 60 60 10 110 80 50 70 40 50]"
36,8,"[10 40 0 40 40 0 30 20 60 30 30 30 20 20]"
36,12,"[60 30 50 30 70 60 60 10 110 80 50 70 40 50]"
36,10,"[60 50 50 90 70 80 50 30 90 50 50 80 60 40]"
36,6,"[115 60 115 70 60 125 60 60 75 130 45 120 10 40]"
36,7,"[25 60 5 40 40 65 90 25 30 0 90 5 65 30]"
36,6,"[30 10 20 10 50 40 40 0 30 20 20 20 20 30]"
36,14,"[25 10 65 35 55 35 5 110 60 15 85 25 70 75]"
36,10,"[20 95 0 70 70 60 70 70 20 85 95 0 20 0]"
38,5,"[10 40 0 40 40 0 30 20 60 30 30 30 20 20]"
38,2,"[20 95 0 70 70 60 70 70 20 85 95 0 20 0]"
38,9,"[60 50 50 90 70 80 50 30 90 50 50 80 60 40]"
38,7,"[25 60 5 40 40 65 90 25 30 0 90 5 65 30]"
38,9,"[60 30 50 30 70 60 60 10 110 80 50 70 40 50]"
38,11,"[25 10 65 35 55 35 5 110 60 15 85 25 70 75]"
48,6,"[20 95 0 70 70 60 70 70 20 85 95 0 20 0]"
48,5,"[25 10 65 35 55 35 5 110 60 15 85 25 70 75]"
48,9,"[10 40 0 40 40 0 30 20 60 30 30 30 20 20]"
48,5,"[25 60 5 40 40 65 90 25 30 0 90 5 65 30]"
48,10,"[60 50 50 90 70 80 50 30 90 50 50 80 60 40]"
48,5,"[30 10 20 10 50 40 40 0 30 20 20 20 20 30]"
48,10,"[115 60 115 70 60 125 60 60 75 130 45 120 10 40]"
48,9,"[60 30 50 30 70 60 60 10 110 80 50 70 40 50]"
49,14,"[30 10 20 10 50 40 40 0 30 20 20 20 20 30]"
49,9,"[25 10 65 35 55 35 5 110 60 15 85 25 70 75]"
49,10,"[10 40 0 40 40 0 30 20 60 30 30 30 20 20]"
49,9,"[25 60 5 40 40 65 90 25 30 0 90 5 65 30]"
49,10,"[20 95 0 70 70 60 70 70 20 85 95 0 20 0]"
49,11,"[60 30 50 30 70 60 60 10 110 80 50 70 40 50]"
49,4,"[60 50 50 90 70 80 50 30 90 50 50 80 60 40]"
52,9,"[115 60 115 70 60 125 60 60 75 130 45 120 10 40]"
52,4,"[60 50 50 90 70 80 50 30 90 50 50 80 60 40]"
52,14,"[60 30 50 30 70 60 60 10 110 80 50 70 40 50]"
52,7,"[30 10 20 10 50 40 40 0 30 20 20 20 20 30]"
52,5,"[10 40 0 40 40 0 30 20 60 30 30 30 20 20]"
52,11,"[20 95 0 70 70 60 70 70 20 85 95 0 20 0]"
54,7,"[60 30 50 30 70 60 60 10 110 80 50 70 40 50]"
54,5,"[25 10 65 35 55 35 5 110 60 15 85 25 70 75]"
54,7,"[10 40 0 40 40 0 30 20 60 30 30 30 20 20]"
54,5,"[60 50 50 90 70 80 50 30 90 50 50 80 60 40]"
54,7,"[20 95 0 70 70 60 70 70 20 85 95 0 20 0]"
54,5,"[25 60 5 40 40 65 90 25 30 0 90 5 65 30]"
54,5,"[30 10 20 10 50 40 40 0 30 20 20 20 20 30]"
56,5,"[20 95 0 70 70 60 70 70 20 85 95 0 20 0]"
56,6,"[60 50 50 90 70 80 50 30 90 50 50 80 60 40]"
56,9,"[60 30 50 30 70 60 60 10 110 80 50 70 40 50]"
56,6,"[115 60 115 70 60 125 60 60 75 130 45 120 10 40]"
56,8,"[25 10 65 35 55 35 5 110 60 15 85 25 70 75]"
56,6,"[25 60 5 40 40 65 90 25 30 0 90 5 65 30]"
56,9,"[10 40 0 40 40 0 30 20 60 30 30 30 20 20]"
56,5,"[30 10 20 10 50 40 40 0 30 20 20 20 20 30]"
57,4,"[60 50 50 90 70 80 50 30 90 50 50 80 60 40]"
57,2,"[10 40 0 40 40 0 30 20 60 30 30 30 20 20]"
57,14,"[25 10 65 35 55 35 5 110 60 15 85 25 70 75]"
57,8,"[25 60 5 40 40 65 90 25 30 0 90 5 65 30]"
57,11,"[60 30 50 30 70 60 60 10 110 80 50 70 40 50]"
57,9,"[115 60 115 70 60 125 60 60 75 130 45 120 10 40]"
57,11,"[30 10 20 10 50 40 40 0 30 20 20 20 20 30]"
57,8,"[20 95 0 70 70 60 70 70 20 85 95 0 20 0]"
58,4,"[10 40 0 40 40 0 30 20 60 30 30 30 20 20]"
58,14,"[115 60 115 70 60 125 60 60 75 130 45 120 10 40]"
58,4,"[25 60 5 40 40 65 90 25 30 0 90 5 65 30]"
58,14,"[30 10 20 10 50 40 40 0 30 20 20 20 20 30]"
58,1,"[60 30 50 30 70 60 60 10 110 80 50 70 40 50]"
58,6,"[25 10 65 35 55 35 5 110 60 15 85 25 70 75]"
58,4,"[60 50 50 90 70 80 50 30 90 50 50 80 60 40]"
59,8,"[60 30 50 30 70 60 60 10 110 80 50 70 40 50]"
59,5,"[30 10 20 10 50 40 40 0 30 20 20 20 20 30]"
59,3,"[115 60 115 70 60 125 60 60 75 130 45 120 10 40]"
59,9,"[10 40 0 40 40 0 30 20 60 30 30 30 20 20]"
59,4,"[20 95 0 70 70 60 70 70 20 85 95 0 20 0]"
59,5,"[25 60 5 40 40 65 90 25 30 0 90 5 65 30]"
59,7,"[25 10 65 35 55 35 5 110 60 15 85 25 70 75]"
59,4,"[60 50 50 90 70 80 50 30 90 50 50 80 60 40]"
60,8,"[25 60 5 40 40 65 90 25 30 0 90 5 65 30]"
60,7,"[60 50 50 90 70 80 50 30 90 50 50 80 60 40]"
60,14,"[25 10 65 35 55 35 5 110 60 15 85 25 70 75]"
60,1,"[60 30 50 30 70 60 60 10 110 80 50 70 40 50]"
60,5,"[10 40 0 40 40 0 30 20 60 30 30 30 20 20]"
60,7,"[20 95 0 70 70 60 70 70 20 85 95 0 20 0]"
60,1,"[115 60 115 70 60 125 60 60 75 130 45 120 10 40]"
61,3,"[60 30 50 30 70 60 60 10 110 80 50 70 40 50]"
61,11,"[20 95 0 70 70 60 70 70 20 85 95 0 20 0]"
61,14,"[30 10 20 10 50 40 40 0 30 20 20 20 20 30]"
61,5,"[60 50 50 90 70 80 50 30 90 50 50 80 60 40]"
61,10,"[10 40 0 40 40 0 30 20 60 30 30 30 20 20]"
61,8,"[25 60 5 40 40 65 90 25 30 0 90 5 65 30]"
61,14,"[25 10 65 35 55 35 5 110 60 15 85 25 70 75]"
61,10,"[115 60 115 70 60 125 60 60 75 130 45 120 10 40]"
63,10,"[10 40 0 40 40 0 30 20 60 30 30 30 20 20]"
63,5,"[20 95 0 70 70 60 70 70 20 85 95 0 20 0]"
63,10,"[25 10 65 35 55 35 5 110 60 15 85 25 70 75]"
63,7,"[60 50 50 90 70 80 50 30 90 50 50 80 60 40]"
63,7,"[25 60 5 40 40 65 90 25 30 0 90 5 65 30]"
64,5,"[10 40 0 40 40 0 30 20 60 30 30 30 20 20]"
64,1,"[115 60 115 70 60 125 60 60 75 130 45 120 10 40]"
64,9,"[60 30 50 30 70 60 60 10 110 80 50 70 40 50]"
64,5,"[30 10 20 10 50 40 40 0 30 20 20 20 20 30]"
64,8,"[25 10 65 35 55 35 5 110 60 15 85 25 70 75]"
64,5,"[25 60 5 40 40 65 90 25 30 0 90 5 65 30]"
64,9,"[60 50 50 90 70 80 50 30 90 50 50 80 60 40]"
64,5,"[20 95 0 70 70 60 70 70 20 85 95 0 20 0]"
65,13,"[25 60 5 40 40 65 90 25 30 0 90 5 65 30]"
65,9,"[60 50 50 90 70 80 50 30 90 50 50 80 60 40]"
65,10,"[115 60 115 70 60 125 60 60 75 130 45 120 10 40]"
65,13,"[60 30 50 30 70 60 60 10 110 80 50 70 40 50]"
65,2,"[20 95 0 70 70 60 70 70 20 85 95 0 20 0]"
65,5,"[30 10 20 10 50 40 40 0 30 20 20 20 20 30]"
65,4,"[25 10 65 35 55 35 5 110 60 15 85 25 70 75]"
65,9,"[10 40 0 40 40 0 30 20 60 30 30 30 20 20]"
68,4,"[25 10 65 35 55 35 5 110 60 15 85 25 70 75]"
68,6,"[30 10 20 10 50 40 40 0 30 20 20 20 20 30]"
68,11,"[60 50 50 90 70 80 50 30 90 50 50 80 60 40]"
68,2,"[10 40 0 40 40 0 30 20 60 30 30 30 20 20]"
68,9,"[25 60 5 40 40 65 90 25 30 0 90 5 65 30]"
68,3,"[115 60 115 70 60 125 60 60 75 130 45 120 10 40]"
68,11,"[60 30 50 30 70 60 60 10 110 80 50 70 40 50]"
70,3,"[60 50 50 90 70 80 50 30 90 50 50 80 60 40]"
70,6,"[25 10 65 35 55 35 5 110 60 15 85 25 70 75]"
70,7,"[10 40 0 40 40 0 30 20 60 30 30 30 20 20]"
70,14,"[25 60 5 40 40 65 90 25 30 0 90 5 65 30]"
70,10,"[60 30 50 30 70 60 60 10 110 80 50 70 40 50]"
71,12,"[115 60 115 70 60 125 60 60 75 130 45 120 10 40]"
71,5,"[30 10 20 10 50 40 40 0 30 20 20 20 20 30]"
71,4,"[25 10 65 35 55 35 5 110 60 15 85 25 70 75]"
71,11,"[20 95 0 70 70 60 70 70 20 85 95 0 20 0]"
71,3,"[60 30 50 30 70 60 60 10 110 80 50 70 40 50]"
71,11,"[25 60 5 40 40 65 90 25 30 0 90 5 65 30]"
71,4,"[10 40 0 40 40 0 30 20 60 30 30 30 20 20]"
71,3,"[60 50 50 90 70 80 50 30 90 50 50 80 60 40]"
72,5,"[10 40 0 40 40 0 30 20 60 30 30 30 20 20]"
72,6,"[20 95 0 70 70 60 70 70 20 85 95 0 20 0]"
72,3,"[25 10 65 35 55 35 5 110 60 15 85 25 70 75]"
72,6,"[60 30 50 30 70 60 60 10 110 80 50 70 40 50]"
72,3,"[115 60 115 70 60 125 60 60 75 130 45 120 10 40]"
72,3,"[25 60 5 40 40 65 90 25 30 0 90 5 65 30]"
72,4,"[60 50 50 90 70 80 50 30 90 50 50 80 60 40]"
72,1,"[30 10 20 10 50 40 40 0 30 20 20 20 20 30]"
73,5,"[10 40 0 40 40 0 30 20 60 30 30 30 20 20]"
73,1,"[115 60 115 70 60 125 60 60 75 130 45 120 10 40]"
73,3,"[30 10 20 10 50 40 40 0 30 20 20 20 20 30]"
73,4,"[60 30 50 30 70 60 60 10 110 80 50 70 40 50]"
73,13,"[25 10 65 35 55 35 5 110 60 15 85 25 70 75]"
73,6,"[20 95 0 70 70 60 70 70 20 85 95 0 20 0]"
73,4,"[60 50 50 90 70 80 50 30 90 50 50 80 60 40]"
73,11,"[25 60 5 40 40 65 90 25 30 0 90 5 65 30]"
77,10,"[60 30 50 30 70 60 60 10 110 80 50 70 40 50]"
77,11,"[25 10 65 35 55 35 5 110 60 15 85 25 70 75]"
77,6,"[115 60 115 70 60 125 60 60 75 130 45 120 10 40]"
77,10,"[20 95 0 70 70 60 70 70 20 85 95 0 20 0]"
77,7,"[25 60 5 40 40 65 90 25 30 0 90 5 65 30]"
77,6,"[60 50 50 90 70 80 50 30 90 50 50 80 60 40]"
77,10,"[10 40 0 40 40 0 30 20 60 30 30 30 20 20]"
77,7,"[30 10 20 10 50 40 40 0 30 20 20 20 20 30]"
78,5,"[25 10 65 35 55 35 5 110 60 15 85 25 70 75]"
78,11,"[20 95 0 70 70 60 70 70 20 85 95 0 20 0]"
78,2,"[10 40 0 40 40 0 30 20 60 30 30 30 20 20]"
78,6,"[30 10 20 10 50 40 40 0 30 20 20 20 20 30]"
78,13,"[25 60 5 40 40 65 90 25 30 0 90 5 65 30]"
78,10,"[115 60 115 70 60 125 60 60 75 130 45 120 10 40]"
78,12,"[60 50 50 90 70 80 50 30 90 50 50 80 60 40]"
78,5,"[60 30 50 30 70 60 60 10 110 80 50 70 40 50]"
80,9,"[60 50 50 90 70 80 50 30 90 50 50 80 60 40]"
80,6,"[30 10 20 10 50 40 40 0 30 20 20 20 20 30]"
80,10,"[115 60 115 70 60 125 60 60 75 130 45 120 10 40]"
80,9,"[25 10 65 35 55 35 5 110 60 15 85 25 70 75]"
80,10,"[10 40 0 40 40 0 30 20 60 30 30 30 20 20]"
80,6,"[20 95 0 70 70 60 70 70 20 85 95 0 20 0]"
80,12,"[60 30 50 30 70 60 60 10 110 80 50 70 40 50]"
80,6,"[25 60 5 40 40 65 90 25 30 0 90 5 65 30]"
86,12,"[115 60 115 70 60 125 60 60 75 130 45 120 10 40]"
86,9,"[60 50 50 90 70 80 50 30 90 50 50 80 60 40]"
86,2,"[60 30 50 30 70 60 60 10 110 80 50 70 40 50]"
86,7,"[25 60 5 40 40 65 90 25 30 0 90 5 65 30]"
86,14,"[25 10 65 35 55 35 5 110 60 15 85 25 70 75]"
86,9,"[10 40 0 40 40 0 30 20 60 30 30 30 20 20]"
87,6,"[115 60 115 70 60 125 60 60 75 130 45 120 10 40]"
87,9,"[25 10 65 35 55 35 5 110 60 15 85 25 70 75]"
87,2,"[25 60 5 40 40 65 90 25 30 0 90 5 65 30]"
87,5,"[20 95 0 70 70 60 70 70 20 85 95 0 20 0]"
87,9,"[10 40 0 40 40 0 30 20 60 30 30 30 20 20]"
87,5,"[30 10 20 10 50 40 40 0 30 20 20 20 20 30]"
87,4,"[60 50 50 90 70 80 50 30 90 50 50 80 60 40]"
87,10,"[60 30 50 30 70 60 60 10 110 80 50 70 40 50]"
88,5,"[30 10 20 10 50 40 40 0 30 20 20 20 20 30]"
88,7,"[60 30 50 30 70 60 60 10 110 80 50 70 40 50]"
88,5,"[25 10 65 35 55 35 5 110 60 15 85 25 70 75]"
88,7,"[60 50 50 90 70 80 50 30 90 50 50 80 60 40]"
88,5,"[25 60 5 40 40 65 90 25 30 0 90 5 65 30]"
91,9,"[10 40 0 40 40 0 30 20 60 30 30 30 20 20]"
91,11,"[60 30 50 30 70 60 60 10 110 80 50 70 40 50]"
91,14,"[25 60 5 40 40 65 90 25 30 0 90 5 65 30]"
91,11,"[25 10 65 35 55 35 5 110 60 15 85 25 70 75]"
91,7,"[30 10 20 10 50 40 40 0 30 20 20 20 20 30]"
91,9,"[60 50 50 90 70 80 50 30 90 50 50 80 60 40]"
91,7,"[20 95 0 70 70 60 70 70 20 85 95 0 20 0]"
91,9,"[115 60 115 70 60 125 60 60 75 130 45 120 10 40]"
92,5,"[20 95 0 70 70 60 70 70 20 85 95 0 20 0]"
92,5,"[10 40 0 40 40 0 30 20 60 30 30 30 20 20]"
92,7,"[30 10 20 10 50 40 40 0 30 20 20 20 20 30]"
92,7,"[25 60 5 40 40 65 90 25 30 0 90 5 65 30]"
92,8,"[25 10 65 35 55 35 5 110 60 15 85 25 70 75]"
92,5,"[60 30 50 30 70 60 60 10 110 80 50 70 40 50]"
92,4,"[115 60 115 70 60 125 60 60 75 130 45 120 10 40]"
92,5,"[60 50 50 90 70 80 50 30 90 50 50 80 60 40]"
93,4,"[10 40 0 40 40 0 30 20 60 30 30 30 20 20]"
93,12,"[60 30 50 30 70 60 60 10 110 80 50 70 40 50]"
93,1,"[30 10 20 10 50 40 40 0 30 20 20 20 20 30]"
93,12,"[115 60 115 70 60 125 60 60 75 130 45 120 10 40]"
93,5,"[25 10 65 35 55 35 5 110 60 15 85 25 70 75]"
93,4,"[25 60 5 40 40 65 90 25 30 0 90 5 65 30]"
93,12,"[60 50 50 90 70 80 50 30 90 50 50 80 60 40]"
95,6,"[60 30 50 30 70 60 60 10 110 80 50 70 40 50]"
95,4,"[20 95 0 70 70 60 70 70 20 85 95 0 20 0]"
95,6,"[30 10 20 10 50 40 40 0 30 20 20 20 20 30]"
95,12,"[25 10 65 35 55 35 5 110 60 15 85 25 70 75]"
95,6,"[115 60 115 70 60 125 60 60 75 130 45 120 10 40]"
95,12,"[60 50 50 90 70 80 50 30 90 50 50 80 60 40]"
95,13,"[10 40 0 40 40 0 30 20 60 30 30 30 20 20]"
95,4,"[25 60 5 40 40 65 90 25 30 0 90 5 65 30]"
97,8,"[20 95 0 70 70 60 70 70 20 85 95 0 20 0]"
97,9,"[60 30 50 30 70 60 60 10 110 80 50 70 40 50]"
97,8,"[25 10 65 35 55 35 5 110 60 15 85 25 70 75]"
97,7,"[10 40 0 40 40 0 30 20 60 30 30 30 20 20]"
97,11,"[30 10 20 10 50 40 40 0 30 20 20 20 20 30]"
97,3,"[115 60 115 70 60 125 60 60 75 130 45 120 10 40]"
97,11,"[60 50 50 90 70 80 50 30 90 50 50 80 60 40]"
97,7,"[25 60 5 40 40 65 90 25 30 0 90 5 65 30]"
100,11,"[60 30 50 30 70 60 60 10 110 80 50 70 40 50]"
100,7,"[10 40 0 40 40 0 30 20 60 30 30 30 20 20]"
100,12,"[25 10 65 35 55 35 5 110 60 15 85 25 70 75]"
100,10,"[115 60 115 70 60 125 60 60 75 130 45 120 10 40]"
100,7,"[30 10 20 10 50 40 40 0 30 20 20 20 20 30]"
100,5,"[60 50 50 90 70 80 50 30 90 50 50 80 60 40]"
100,11,"[25 60 5 40 40 65 90 25 30 0 90 5 65 30]"
101,7,"[10 40 0 40 40 0 30 20 60 30 30 30 20 20]"
101,11,"[25 60 5 40 40 65 90 25 30 0 90 5 65 30]"
101,9,"[25 10 65 35 55 35 5 110 60 15 85 25 70 75]"
101,7,"[60 30 50 30 70 60 60 10 110 80 50 70 40 50]"
101,11,"[20 95 0 70 70 60 70 70 20 85 95 0 20 0]"
101,9,"[115 60 115 70 60 125 60 60 75 130 45 120 10 40]"
101,7,"[30 10 20 10 50 40 40 0 30 20 20 20 20 30]"
101,13,"[60 50 50 90 70 80 50 30 90 50 50 80 60 40]"
103,4,"[20 95 0 70 70 60 70 70 20 85 95 0 20 0]"
103,1,"[115 60 115 70 60 125 60 60 75 130 45 120 10 40]"
103,7,"[10 40 0 40 40 0 30 20 60 30 30 30 20 20]"
103,13,"[25 10 65 35 55 35 5 110 60 15 85 25 70 75]"
103,7,"[60 50 50 90 70 80 50 30 90 50 50 80 60 40]"
103,13,"[30 10 20 10 50 40 40 0 30 20 20 20 20 30]"
103,7,"[60 30 50 30 70 60 60 10 110 80 50 70 40 50]"
103,13,"[25 60 5 40 40 65 90 25 30 0 90 5 65 30]"
104,9,"[60 30 50 30 70 60 60 10 110 80 50 70 40 50]"
104,3,"[60 50 50 90 70 80 50 30 90 50 50 80 60 40]"
104,9,"[25 10 65 35 55 35 5 110 60 15 85 25 70 75]"
104,11,"[20 95 0 70 70 60 70 70 20 85 95 0 20 0]"
104,6,"[115 60 115 70 60 125 60 60 75 130 45 120 10 40]"
104,9,"[25 60 5 40 40 65 90 25 30 0 90 5 65 30]"
104,4,"[10 40 0 40 40 0 30 20 60 30 30 30 20 20]"
104,6,"[30 10 20 10 50 40 40 0 30 20 20 20 20 30]"
105,3,"[115 60 115 70 60 125 60 60 75 130 45 120 10 40]"
105,9,"[60 30 50 30 70 60 60 10 110 80 50 70 40 50]"
105,4,"[25 60 5 40 40 65 90 25 30 0 90 5 65 30]"
105,1,"[20 95 0 70 70 60 70 70 20 85 95 0 20 0]"
105,4,"[60 50 50 90 70 80 50 30 90 50 50 80 60 40]"
105,9,"[25 10 65 35 55 35 5 110 60 15 85 25 70 75]"
105,4,"[10 40 0 40 40 0 30 20 60 30 30 30 20 20]"
105,7,"[30 10 20 10 50 40 40 0 30 20 20 20 20 30]"
106,12,"[115 60 115 70 60 125 60 60 75 130 45 120 10 40]"
106,7,"[10 40 0 40 40 0 30 20 60 30 30 30 20 20]"
106,7,"[25 60 5 40 40 65 90 25 30 0 90 5 65 30]"
106,4,"[60 50 50 90 70 80 50 30 90 50 50 80 60 40]"
106,9,"[30 10 20 10 50 40 40 0 30 20 20 20 20 30]"
106,14,"[60 30 50 30 70 60 60 10 110 80 50 70 40 50]"
106,14,"[25 10 65 35 55 35 5 110 60 15 85 25 70 75]"
107,10,"[60 30 50 30 70 60 60 10 110 80 50 70 40 50]"
107,14,"[30 10 20 10 50 40 40 0 30 20 20 20 20 30]"
107,8,"[20 95 0 70 70 60 70 70 20 85 95 0 20 0]"
107,4,"[25 60 5 40 40 65 90 25 30 0 90 5 65 30]"
107,1,"[115 60 115 70 60 125 60 60 75 130 45 120 10 40]"
107,4,"[60 50 50 90 70 80 50 30 90 50 50 80 60 40]"
107,3,"[25 10 65 35 55 35 5 110 60 15 85 25 70 75]"
110,9,"[20 95 0 70 70 60 70 70 20 85 95 0 20 0]"
110,13,"[30 10 20 10 50 40 40 0 30 20 20 20 20 30]"
110,1,"[115 60 115 70 60 125 60 60 75 130 45 120 10 40]"
110,9,"[10 40 0 40 40 0 30 20 60 30 30 30 20 20]"
110,4,"[60 50 50 90 70 80 50 30 90 50 50 80 60 40]"
110,9,"[25 60 5 40 40 65 90 25 30 0 90 5 65 30]"
110,13,"[25 10 65 35 55 35 5 110 60 15 85 25 70 75]"
110,4,"[60 30 50 30 70 60 60 10 110 80 50 70 40 50]"
113,10,"[10 40 0 40 40 0 30 20 60 30 30 30 20 20]"
113,8,"[25 10 65 35 55 35 5 110 60 15 85 25 70 75]"
113,10,"[30 10 20 10 50 40 40 0 30 20 20 20 20 30]"
113,7,"[20 95 0 70 70 60 70 70 20 85 95 0 20 0]"
113,10,"[60 30 50 30 70 60 60 10 110 80 50 70 40 50]"
113,4,"[60 50 50 90 70 80 50 30 90 50 50 80 60 40]"
113,7,"[25 60 5 40 40 65 90 25 30 0 90 5 65 30]"
113,10,"[115 60 115 70 60 125 60 60 75 130 45 120 10 40]"
114,3,"[60 50 50 90 70 80 50 30 90 50 50 80 60 40]"
114,8,"[10 40 0 40 40 0 30 20 60 30 30 30 20 20]"
114,4,"[25 10 65 35 55 35 5 110 60 15 85 25 70 75]"
114,6,"[20 95 0 70 70 60 70 70 20 85 95 0 20 0]"
114,1,"[60 30 50 30 70 60 60 10 110 80 50 70 40 50]"
114,14,"[25 60 5 40 40 65 90 25 30 0 90 5 65 30]"
116,8,"[10 40 0 40 40 0 30 20 60 30 30 30 20 20]"
116,9,"[60 30 50 30 70 60 60 10 110 80 50 70 40 50]"
116,13,"[60 50 50 90 70 80 50 30 90 50 50 80 60 40]"
116,2,"[20 95 0 70 70 60 70 70 20 85 95 0 20 0]"
116,13,"[25 60 5 40 40 65 90 25 30 0 90 5 65 30]"
116,4,"[25 10 65 35 55 35 5 110 60 15 85 25 70 75]"
116,1,"[115 60 115 70 60 125 60 60 75 130 45 120 10 40]"
116,5,"[30 10 20 10 50 40 40 0 30 20 20 20 20 30]"
117,7,"[60 50 50 90 70 80 50 30 90 50 50 80 60 40]"
117,3,"[115 60 115 70 60 125 60 60 75 130 45 120 10 40]"
117,7,"[30 10 20 10 50 40 40 0 30 20 20 20 20 30]"
117,13,"[25 10 65 35 55 35 5 110 60 15 85 25 70 75]"
117,2,"[20 95 0 70 70 60 70 70 20 85 95 0 20 0]"
117,7,"[60 30 50 30 70 60 60 10 110 80 50 70 40 50]"
117,5,"[10 40 0 40 40 0 30 20 60 30 30 30 20 20]"
117,11,"[25 60 5 40 40 65 90 25 30 0 90 5 65 30]"
118,14,"[30 10 20 10 50 40 40 0 30 20 20 20 20 30]"
118,7,"[20 95 0 70 70 60 70 70 20 85 95 0 20 0]"
118,8,"[25 10 65 35 55 35 5 110 60 15 85 25 70 75]"
118,1,"[115 60 115 70 60 125 60 60 75 130 45 120 10 40]"
118,9,"[10 40 0 40 40 0 30 20 60 30 30 30 20 20]"
118,5,"[25 60 5 40 40 65 90 25 30 0 90 5 65 30]"
118,9,"[60 30 50 30 70 60 60 10 110 80 50 70 40 50]"
118,4,"[60 50 50 90 70 80 50 30 90 50 50 80 60 40]"
119,2,"[60 30 50 30 70 60 60 10 110 80 50 70 40 50]"
119,12,"[60 50 50 90 70 80 50 30 90 50 50 80 60 40]"
119,12,"[115 60 115 70 60 125 60 60 75 130 45 120 10 40]"
119,2,"[10 40 0 40 40 0 30 20 60 30 30 30 20 20]"
119,11,"[20 95 0 70 70 60 70 70 20 85 95 0 20 0]"
119,8,"[25 10 65 35 55 35 5 110 60 15 85 25 70 75]"
119,11,"[25 60 5 40 40 65 90 25 30 0 90 5 65 30]"
122,9,"[60 30 50 30 70 60 60 10 110 80 50 70 40 50]"
122,6,"[25 60 5 40 40 65 90 25 30 0 90 5 65 30]"
122,9,"[30 10 20 10 50 40 40 0 30 20 20 20 20 30]"
122,8,"[20 95 0 70 70 60 70 70 20 85 95 0 20 0]"
122,9,"[10 40 0 40 40 0 30 20 60 30 30 30 20 20]"
122,5,"[25 10 65 35 55 35 5 110 60 15 85 25 70 75]"
122,6,"[60 50 50 90 70 80 50 30 90 50 50 80 60 40]"
123,10,"[20 95 0 70 70 60 70 70 20 85 95 0 20 0]"
123,2,"[60 30 50 30 70 60 60 10 110 80 50 70 40 50]"
123,4,"[25 10 65 35 55 35 5 110 60 15 85 25 70 75]"
123,10,"[60 50 50 90 70 80 50 30 90 50 50 80 60 40]"
123,1,"[30 10 20 10 50 40 40 0 30 20 20 20 20 30]"
123,6,"[25 60 5 40 40 65 90 25 30 0 90 5 65 30]"
123,14,"[10 40 0 40 40 0 30 20 60 30 30 30 20 20]"
125,9,"[25 60 5 40 40 65 90 25 30 0 90 5 65 30]"
125,13,"[20 95 0 70 70 60 70 70 20 85 95 0 20 0]"
125,4,"[25 10 65 35 55 35 5 110 60 15 85 25 70 75]"
125,3,"[115 60 115 70 60 125 60 60 75 130 45 120 10 40]"
125,4,"[60 50 50 90 70 80 50 30 90 50 50 80 60 40]"
125,7,"[30 10 20 10 50 40 40 0 30 20 20 20 20 30]"
125,7,"[10 40 0 40 40 0 30 20 60 30 30 30 20 20]"
126,7,"[30 10 20 10 50 40 40 0 30 20 20 20 20 30]"
126,14,"[25 60 5 40 40 65 90 25 30 0 90 5 65 30]"
126,7,"[60 50 50 90 70 80 50 30 90 50 50 80 60 40]"
126,12,"[10 40 0 40 40 0 30 20 60 30 30 30 20 20]"
126,10,"[20 95 0 70 70 60 70 70 20 85 95 0 20 0]"
126,6,"[115 60 115 70 60 125 60 60 75 130 45 120 10 40]"
126,11,"[25 10 65 35 55 35 5 110 60 15 85 25 70 75]"
126,12,"[60 30 50 30 70 60 60 10 110 80 50 70 40 50]"
127,12,"[60 50 50 90 70 80 50 30 90 50 50 80 60 40]"
127,12,"[115 60 115 70 60 125 60 60 75 130 45 120 10 40]"
127,4,"[25 60 5 40 40 65 90 25 30 0 90 5 65 30]"
127,12,"[10 40 0 40 40 0 30 20 60 30 30 30 20 20]"
127,2,"[30 10 20 10 50 40 40 0 30 20 20 20 20 30]"
127,10,"[25 10 65 35 55 35 5 110 60 15 85 25 70 75]"
127,12,"[60 30 50 30 70 60 60 10 110 80 50 70 40 50]"
128,7,"[60 50 50 90 70 80 50 30 90 50 50 80 60 40]"
128,5,"[10 40 0 40 40 0 30 20 60 30 30 30 20 20]"
128,7,"[30 10 20 10 50 40 40 0 30 20 20 20 20 30]"
128,11,"[25 60 5 40 40 65 90 25 30 0 90 5 65 30]"
128,11,"[20 95 0 70 70 60 70 70 20 85 95 0 20 0]"
128,3,"[115 60 115 70 60 125 60 60 75 130 45 120 10 40]"
128,11,"[25 10 65 35 55 35 5 110 60 15 85 25 70 75]"
130,5,"[30 10 20 10 50 40 40 0 30 20 20 20 20 30]"
130,10,"[20 95 0 70 70 60 70 70 20 85 95 0 20 0]"
130,6,"[60 50 50 90 70 80 50 30 90 50 50 80 60 40]"
130,10,"[115 60 115 70 60 125 60 60 75 130 45 120 10 40]"
130,10,"[60 30 50 30 70 60 60 10 110 80 50 70 40 50]"
130,5,"[10 40 0 40 40 0 30 20 60 30 30 30 20 20]"
130,5,"[25 60 5 40 40 65 90 25 30 0 90 5 65 30]"
132,4,"[10 40 0 40 40 0 30 20 60 30 30 30 20 20]"
132,11,"[25 10 65 35 55 35 5 110 60 15 85 25 70 75]"
132,4,"[25 60 5 40 40 65 90 25 30 0 90 5 65 30]"
132,14,"[60 30 50 30 70 60 60 10 110 80 50 70 40 50]"
132,11,"[30 10 20 10 50 40 40 0 30 20 20 20 20 30]"
132,4,"[60 50 50 90 70 80 50 30 90 50 50 80 60 40]"
132,10,"[115 60 115 70 60 125 60 60 75 130 45 120 10 40]"
132,11,"[20 95 0 70 70 60 70 70 20 85 95 0 20 0]"
133,9,"[60 50 50 90 70 80 50 30 90 50 50 80 60 40]"
133,12,"[115 60 115 70 60 125 60 60 75 130 45 120 10 40]"
133,6,"[25 60 5 40 40 65 90 25 30 0 90 5 65 30]"
133,2,"[10 40 0 40 40 0 30 20 60 30 30 30 20 20]"
133,13,"[25 10 65 35 55 35 5 110 60 15 85 25 70 75]"
133,2,"[20 95 0 70 70 60 70 70 20 85 95 0 20 0]"
133,9,"[60 30 50 30 70 60 60 10 110 80 50 70 40 50]"
133,5,"[30 10 20 10 50 40 40 0 30 20 20 20 20 30]"
134,10,"[10 40 0 40 40 0 30 20 60 30 30 30 20 20]"
134,11,"[60 50 50 90 70 80 50 30 90 50 50 80 60 40]"
134,7,"[60 30 50 30 70 60 60 10 110 80 50 70 40 50]"
134,1,"[115 60 115 70 60 125 60 60 75 130 45 120 10 40]"
134,6,"[25 10 65 35 55 35 5 110 60 15 85 25 70 75]"
134,9,"[25 60 5 40 40 65 90 25 30 0 90 5 65 30]"
134,13,"[30 10 20 10 50 40 40 0 30 20 20 20 20 30]"
141,8,"[25 60 5 40 40 65 90 25 30 0 90 5 65 30]"
141,12,"[60 50 50 90 70 80 50 30 90 50 50 80 60 40]"
141,12,"[60 30 50 30 70 60 60 10 110 80 50 70 40 50]"
141,6,"[30 10 20 10 50 40 40 0 30 20 20 20 20 30]"
141,12,"[10 40 0 40 40 0 30 20 60 30 30 30 20 20]"
141,6,"[115 60 115 70 60 125 60 60 75 130 45 120 10 40]"
142,3,"[25 10 65 35 55 35 5 110 60 15 85 25 70 75]"
142,6,"[60 30 50 30 70 60 60 10 110 80 50 70 40 50]"
142,13,"[25 60 5 40 40 65 90 25 30 0 90 5 65 30]"
142,2,"[10 40 0 40 40 0 30 20 60 30 30 30 20 20]"
142,6,"[115 60 115 70 60 125 60 60 75 130 45 120 10 40]"
142,14,"[30 10 20 10 50 40 40 0 30 20 20 20 20 30]"
142,4,"[60 50 50 90 70 80 50 30 90 50 50 80 60 40]"
142,11,"[20 95 0 70 70 60 70 70 20 85 95 0 20 0]"
145,8,"[25 60 5 40 40 65 90 25 30 0 90 5 65 30]"
145,9,"[25 10 65 35 55 35 5 110 60 15 85 25 70 75]"
145,1,"[20 95 0 70 70 60 70 70 20 85 95 0 20 0]"
145,14,"[10 40 0 40 40 0 30 20 60 30 30 30 20 20]"
145,12,"[60 50 50 90 70 80 50 30 90 50 50 80 60 40]"
145,13,"[60 30 50 30 70 60 60 10 110 80 50 70 40 50]"
146,9,"[25 10 65 35 55 35 5 110 60 15 85 25 70 75]"
146,10,"[20 95 0 70 70 60 70 70 20 85 95 0 20 0]"
146,3,"[60 50 50 90 70 80 50 30 90 50 50 80 60 40]"
146,5,"[30 10 20 10 50 40 40 0 30 20 20 20 20 30]"
146,9,"[25 60 5 40 40 65 90 25 30 0 90 5 65 30]"
146,1,"[115 60 115 70 60 125 60 60 75 130 45 120 10 40]"
146,9,"[10 40 0 40 40 0 30 20 60 30 30 30 20 20]"
146,10,"[60 30 50 30 70 60 60 10 110 80 50 70 40 50]"
149,9,"[10 40 0 40 40 0 30 20 60 30 30 30 20 20]"
149,4,"[60 50 50 90 70 80 50 30 90 50 50 80 60 40]"
149,6,"[30 10 20 10 50 40 40 0 30 20 20 20 20 30]"
149,8,"[25 10 65 35 55 35 5 110 60 15 85 25 70 75]"
149,12,"[115 60 115 70 60 125 60 60 75 130 45 120 10 40]"
149,5,"[25 60 5 40 40 65 90 25 30 0 90 5 65 30]"
149,2,"[20 95 0 70 70 60 70 70 20 85 95 0 20 0]"
150,2,"[20 95 0 70 70 60 70 70 20 85 95 0 20 0]"
150,9,"[60 50 50 90 70 80 50 30 90 50 50 80 60 40]"
150,1,"[25 60 5 40 40 65 90 25 30 0 90 5 65 30]"
150,2,"[10 40 0 40 40 0 30 20 60 30 30 30 20 20]"
150,4,"[115 60 115 70 60 125 60 60 75 130 45 120 10 40]"
150,14,"[30 10 20 10 50 40 40 0 30 20 20 20 20 30]"
150,11,"[60 30 50 30 70 60 60 10 110 80 50 70 40 50]"
150,4,"[25 10 65 35 55 35 5 110 60 15 85 25 70 75]"
152,7,"[60 50 50 90 70 80 50 30 90 50 50 80 60 40]"
152,6,"[115 60 115 70 60 125 60 60 75 130 45 120 10 40]"
152,1,"[25 10 65 35 55 35 5 110 60 15 85 25 70 75]"
152,11,"[30 10 20 10 50 40 40 0 30 20 20 20 20 30]"
152,7,"[10 40 0 40 40 0 30 20 60 30 30 30 20 20]"
152,7,"[60 30 50 30 70 60 60 10 110 80 50 70 40 50]"
152,1,"[25 60 5 40 40 65 90 25 30 0 90 5 65 30]"
155,7,"[25 60 5 40 40 65 90 25 30 0 90 5 65 30]"
155,14,"[25 10 65 35 55 35 5 110 60 15 85 25 70 75]"
155,6,"[60 50 50 90 70 80 50 30 90 50 50 80 60 40]"
155,10,"[60 30 50 30 70 60 60 10 110 80 50 70 40 50]"
155,6,"[115 60 115 70 60 125 60 60 75 130 45 120 10 40]"
155,9,"[10 40 0 40 40 0 30 20 60 30 30 30 20 20]"
155,2,"[20 95 0 70 70 60 70 70 20 85 95 0 20 0]"
156,3,"[30 10 20 10 50 40 40 0 30 20 20 20 20 30]"
156,4,"[60 50 50 90 70 80 50 30 90 50 50 80 60 40]"
156,11,"[25 10 65 35 55 35 5 110 60 15 85 25 70 75]"
156,2,"[20 95 0 70 70 60 70 70 20 85 95 0 20 0]"
156,4,"[10 40 0 40 40 0 30 20 60 30 30 30 20 20]"
156,3,"[115 60 115 70 60 125 60 60 75 130 45 120 10 40]"
156,11,"[60 30 50 30 70 60 60 10 110 80 50 70 40 50]"
157,10,"[115 60 115 70 60 125 60 60 75 130 45 120 10 40]"
157,6,"[25 60 5 40 40 65 90 25 30 0 90 5 65 30]"
157,2,"[25 10 65 35 55 35 5 110 60 15 85 25 70 75]"
157,5,"[30 10 20 10 50 40 40 0 30 20 20 20 20 30]"
157,10,"[10 40 0 40 40 0 30 20 60 30 30 30 20 20]"
157,4,"[60 50 50 90 70 80 50 30 90 50 50 80 60 40]"
158,9,"[25 10 65 35 55 35 5 110 60 15 85 25 70 75]"
158,1,"[115 60 115 70 60 125 60 60 75 130 45 120 10 40]"
158,7,"[30 10 20 10 50 40 40 0 30 20 20 20 20 30]"
158,4,"[10 40 0 40 40 0 30 20 60 30 30 30 20 20]"
158,8,"[20 95 0 70 70 60 70 70 20 85 95 0 20 0]"
158,7,"[25 60 5 40 40 65 90 25 30 0 90 5 65 30]"
158,12,"[60 30 50 30 70 60 60 10 110 80 50 70 40 50]"
158,9,"[60 50 50 90 70 80 50 30 90 50 50 80 60 40]"
160,13,"[25 10 65 35 55 35 5 110 60 15 85 25 70 75]"
160,8,"[10 40 0 40 40 0 30 20 60 30 30 30 20 20]"
160,6,"[25 60 5 40 40 65 90 25 30 0 90 5 65 30]"
160,11,"[60 50 50 90 70 80 50 30 90 50 50 80 60 40]"
160,12,"[30 10 20 10 50 40 40 0 30 20 20 20 20 30]"
160,2,"[60 30 50 30 70 60 60 10 110 80 50 70 40 50]"
160,8,"[115 60 115 70 60 125 60 60 75 130 45 120 10 40]"
161,7,"[60 50 50 90 70 80 50 30 90 50 50 80 60 40]"
161,10,"[20 95 0 70 70 60 70 70 20 85 95 0 20 0]"
161,7,"[115 60 115 70 60 125 60 60 75 130 45 120 10 40]"
161,5,"[60 30 50 30 70 60 60 10 110 80 50 70 40 50]"
161,7,"[30 10 20 10 50 40 40 0 30 20 20 20 20 30]"
161,6,"[25 60 5 40 40 65 90 25 30 0 90 5 65 30]"
161,14,"[25 10 65 35 55 35 5 110 60 15 85 25 70 75]"
161,5,"[10 40 0 40 40 0 30 20 60 30 30 30 20 20]"
163,11,"[25 10 65 35 55 35 5 110 60 15 85 25 70 75]"
163,6,"[115 60 115 70 60 125 60 60 75 130 45 120 10 40]"
163,9,"[60 30 50 30 70 60 60 10 110 80 50 70 40 50]"
163,4,"[60 50 50 90 70 80 50 30 90 50 50 80 60 40]"
163,6,"[30 10 20 10 50 40 40 0 30 20 20 20 20 30]"
163,12,"[25 60 5 40 40 65 90 25 30 0 90 5 65 30]"
163,2,"[10 40 0 40 40 0 30 20 60 30 30 30 20 20]"
163,11,"[20 95 0 70 70 60 70 70 20 85 95 0 20 0]"
165,9,"[60 30 50 30 70 60 60 10 110 80 50 70 40 50]"
165,12,"[115 60 115 70 60 125 60 60 75 130 45 120 10 40]"
165,8,"[20 95 0 70 70 60 70 70 20 85 95 0 20 0]"
165,7,"[25 60 5 40 40 65 90 25 30 0 90 5 65 30]"
165,4,"[25 10 65 35 55 35 5 110 60 15 85 25 70 75]"
165,9,"[10 40 0 40 40 0 30 20 60 30 30 30 20 20]"
165,4,"[60 50 50 90 70 80 50 30 90 50 50 80 60 40]"
167,9,"[25 10 65 35 55 35 5 110 60 15 85 25 70 75]"
167,5,"[25 60 5 40 40 65 90 25 30 0 90 5 65 30]"
167,10,"[115 60 115 70 60 125 60 60 75 130 45 120 10 40]"
167,12,"[60 50 50 90 70 80 50 30 90 50 50 80 60 40]"
167,9,"[10 40 0 40 40 0 30 20 60 30 30 30 20 20]"
167,11,"[20 95 0 70 70 60 70 70 20 85 95 0 20 0]"
167,6,"[30 10 20 10 50 40 40 0 30 20 20 20 20 30]"
171,12,"[60 30 50 30 70 60 60 10 110 80 50 70 40 50]"
171,4,"[10 40 0 40 40 0 30 20 60 30 30 30 20 20]"
171,2,"[25 60 5 40 40 65 90 25 30 0 90 5 65 30]"
171,6,"[115 60 115 70 60 125 60 60 75 130 45 120 10 40]"
171,9,"[25 10 65 35 55 35 5 110 60 15 85 25 70 75]"
171,9,"[60 50 50 90 70 80 50 30 90 50 50 80 60 40]"
171,6,"[30 10 20 10 50 40 40 0 30 20 20 20 20 30]"
171,4,"[20 95 0 70 70 60 70 70 20 85 95 0 20 0]"
174,6,"[115 60 115 70 60 125 60 60 75 130 45 120 10 40]"
174,9,"[10 40 0 40 40 0 30 20 60 30 30 30 20 20]"
174,11,"[20 95 0 70 70 60 70 70 20 85 95 0 20 0]"
174,14,"[30 10 20 10 50 40 40 0 30 20 20 20 20 30]"
174,6,"[25 10 65 35 55 35 5 110 60 15 85 25 70 75]"
174,9,"[60 50 50 90 70 80 50 30 90 50 50 80 60 40]"
174,11,"[25 60 5 40 40 65 90 25 30 0 90 5 65 30]"
174,9,"[60 30 50 30 70 60 60 10 110 80 50 70 40 50]"
175,6,"[20 95 0 70 70 60 70 70 20 85 95 0 20 0]"
175,6,"[60 30 50 30 70 60 60 10 110 80 50 70 40 50]"
175,1,"[30 10 20 10 50 40 40 0 30 20 20 20 20 30]"
175,6,"[115 60 115 70 60 125 60 60 75 130 45 120 10 40]"
175,8,"[25 10 65 35 55 35 5 110 60 15 85 25 70 75]"
175,4,"[10 40 0 40 40 0 30 20 60 30 30 30 20 20]"
175,1,"[25 60 5 40 40 65 90 25 30 0 90 5 65 30]"
175,4,"[60 50 50 90 70 80 50 30 90 50 50 80 60 40]"
177,3,"[60 30 50 30 70 60 60 10 110 80 50 70 40 50]"
177,5,"[25 60 5 40 40 65 90 25 30 0 90 5 65 30]"
177,8,"[20 95 0 70 70 60 70 70 20 85 95 0 20 0]"
177,5,"[10 40 0 40 40 0 30 20 60 30 30 30 20 20]"
177,5,"[30 10 20 10 50 40 40 0 30 20 20 20 20 30]"
177,3,"[60 50 50 90 70 80 50 30 90 50 50 80 60 40]"
177,9,"[25 10 65 35 55 35 5 110 60 15 85 25 70 75]"
178,11,"[20 95 0 70 70 60 70 70 20 85 95 0 20 0]"
178,6,"[115 60 115 70 60 125 60 60 75 130 45 120 10 40]"
178,14,"[30 10 20 10 50 40 40 0 30 20 20 20 20 30]"
178,9,"[60 30 50 30 70 60 60 10 110 80 50 70 40 50]"
178,8,"[25 10 65 35 55 35 5 110 60 15 85 25 70 75]"
178,7,"[25 60 5 40 40 65 90 25 30 0 90 5 65 30]"
178,9,"[60 50 50 90 70 80 50 30 90 50 50 80 60 40]"
178,2,"[10 40 0 40 40 0 30 20 60 30 30 30 20 20]"
179,5,"[30 10 20 10 50 40 40 0 30 20 20 20 20 30]"
179,4,"[60 50 50 90 70 80 50 30 90 50 50 80 60 40]"
179,1,"[25 10 65 35 55 35 5 110 60 15 85 25 70 75]"
179,7,"[60 30 50 30 70 60 60 10 110 80 50 70 40 50]"
179,9,"[25 60 5 40 40 65 90 25 30 0 90 5 65 30]"
179,12,"[10 40 0 40 40 0 30 20 60 30 30 30 20 20]"
179,1,"[115 60 115 70 60 125 60 60 75 130 45 120 10 40]"
180,9,"[25 10 65 35 55 35 5 110 60 15 85 25 70 75]"
180,2,"[20 95 0 70 70 60 70 70 20 85 95 0 20 0]"
180,10,"[115 60 115 70 60 125 60 60 75 130 45 120 10 40]"
180,4,"[60 30 50 30 70 60 60 10 110 80 50 70 40 50]"
180,2,"[25 60 5 40 40 65 90 25 30 0 90 5 65 30]"
180,14,"[30 10 20 10 50 40 40 0 30 20 20 20 20 30]"
180,4,"[60 50 50 90 70 80 50 30 90 50 50 80 60 40]"
181,13,"[25 60 5 40 40 65 90 25 30 0 90 5 65 30]"
181,5,"[60 50 50 90 70 80 50 30 90 50 50 80 60 40]"
181,7,"[10 40 0 40 40 0 30 20 60 30 30 30 20 20]"
181,12,"[115 60 115 70 60 125 60 60 75 130 45 120 10 40]"
181,11,"[20 95 0 70 70 60 70 70 20 85 95 0 20 0]"
181,5,"[30 10 20 10 50 40 40 0 30 20 20 20 20 30]"
181,4,"[25 10 65 35 55 35 5 110 60 15 85 25 70 75]"
184,7,"[60 50 50 90 70 80 50 30 90 50 50 80 60 40]"
184,3,"[30 10 20 10 50 40 40 0 30 20 20 20 20 30]"
184,4,"[60 30 50 30 70 60 60 10 110 80 50 70 40 50]"
184,7,"[10 40 0 40 40 0 30 20 60 30 30 30 20 20]"
184,5,"[25 60 5 40 40 65 90 25 30 0 90 5 65 30]"
184,5,"[25 10 65 35 55 35 5 110 60 15 85 25 70 75]"
184,3,"[115 60 115 70 60 125 60 60 75 130 45 120 10 40]"
186,4,"[60 50 50 90 70 80 50 30 90 50 50 80 60 40]"
186,5,"[30 10 20 10 50 40 40 0 30 20 20 20 20 30]"
186,11,"[25 60 5 40 40 65 90 25 30 0 90 5 65 30]"
186,5,"[10 40 0 40 40 0 30 20 60 30 30 30 20 20]"
186,11,"[20 95 0 70 70 60 70 70 20 85 95 0 20 0]"
186,6,"[115 60 115 70 60 125 60 60 75 130 45 120 10 40]"
186,10,"[60 30 50 30 70 60 60 10 110 80 50 70 40 50]"
186,13,"[25 10 65 35 55 35 5 110 60 15 85 25 70 75]"
187,1,"[25 10 65 35 55 35 5 110 60 15 85 25 70 75]"
187,5,"[10 40 0 40 40 0 30 20 60 30 30 30 20 20]"
187,1,"[60 50 50 90 70 80 50 30 90 50 50 80 60 40]"
187,5,"[30 10 20 10 50 40 40 0 30 20 20 20 20 30]"
187,7,"[25 60 5 40 40 65 90 25 30 0 90 5 65 30]"
187,10,"[60 30 50 30 70 60 60 10 110 80 50 70 40 50]"
187,10,"[115 60 115 70 60 125 60 60 75 130 45 120 10 40]"
187,2,"[20 95 0 70 70 60 70 70 20 85 95 0 20 0]"
191,9,"[25 10 65 35 55 35 5 110 60 15 85 25 70 75]"
191,12,"[25 60 5 40 40 65 90 25 30 0 90 5 65 30]"
191,11,"[60 30 50 30 70 60 60 10 110 80 50 70 40 50]"
191,5,"[20 95 0 70 70 60 70 70 20 85 95 0 20 0]"
191,9,"[10 40 0 40 40 0 30 20 60 30 30 30 20 20]"
191,7,"[30 10 20 10 50 40 40 0 30 20 20 20 20 30]"
191,12,"[60 50 50 90 70 80 50 30 90 50 50 80 60 40]"
192,11,"[60 30 50 30 70 60 60 10 110 80 50 70 40 50]"
192,11,"[25 60 5 40 40 65 90 25 30 0 90 5 65 30]"
192,13,"[10 40 0 40 40 0 30 20 60 30 30 30 20 20]"
192,14,"[30 10 20 10 50 40 40 0 30 20 20 20 20 30]"
192,11,"[20 95 0 70 70 60 70 70 20 85 95 0 20 0]"
192,7,"[60 50 50 90 70 80 50 30 90 50 50 80 60 40]"
192,11,"[25 10 65 35 55 35 5 110 60 15 85 25 70 75]"
193,2,"[20 95 0 70 70 60 70 70 20 85 95 0 20 0]"
193,7,"[25 60 5 40 40 65 90 25 30 0 90 5 65 30]"
193,12,"[115 60 115 70 60 125 60 60 75 130 45 120 10 40]"
193,7,"[30 10 20 10 50 40 40 0 30 20 20 20 20 30]"
193,12,"[60 30 50 30 70 60 60 10 110 80 50 70 40 50]"
193,13,"[25 10 65 35 55 35 5 110 60 15 85 25 70 75]"
194,13,"[20 95 0 70 70 60 70 70 20 85 95 0 20 0]"
194,5,"[10 40 0 40 40 0 30 20 60 30 30 30 20 20]"
194,4,"[25 10 65 35 55 35 5 110 60 15 85 25 70 75]"
194,11,"[115 60 115 70 60 125 60 60 75 130 45 120 10 40]"
194,10,"[60 30 50 30 70 60 60 10 110 80 50 70 40 50]"
194,6,"[30 10 20 10 50 40 40 0 30 20 20 20 20 30]"
194,14,"[25 60 5 40 40 65 90 25 30 0 90 5 65 30]"
194,6,"[60 50 50 90 70 80 50 30 90 50 50 80 60 40]"
195,13,"[25 10 65 35 55 35 5 110 60 15 85 25 70 75]"
195,1,"[30 10 20 10 50 40 40 0 30 20 20 20 20 30]"
195,1,"[60 50 50 90 70 80 50 30 90 50 50 80 60 40]"
195,10,"[20 95 0 70 70 60 70 70 20 85 95 0 20 0]"
195,10,"[115 60 115 70 60 125 60 60 75 130 45 120 10 40]"
195,13,"[10 40 0 40 40 0 30 20 60 30 30 30 20 20]"
195,10,"[60 30 50 30 70 60 60 10 110 80 50 70 40 50]"
195,13,"[25 60 5 40 40 65 90 25 30 0 90 5 65 30]"
196,11,"[60 30 50 30 70 60 60 10 110 80 50 70 40 50]"
196,9,"[10 40 0 40 40 0 30 20 60 30 30 30 20 20]"
196,10,"[115 60 115 70 60 125 60 60 75 130 45 120 10 40]"
196,2,"[20 95 0 70 70 60 70 70 20 85 95 0 20 0]"
196,6,"[60 50 50 90 70 80 50 30 90 50 50 80 60 40]"
196,11,"[25 60 5 40 40 65 90 25 30 0 90 5 65 30]"
196,6,"[30 10 20 10 50 40 40 0 30 20 20 20 20 30]"
196,8,"[25 10 65 35 55 35 5 110 60 15 85 25 70 75]"
197,2,"[10 40 0 40 40 0 30 20 60 30 30 30 20 20]"
197,10,"[115 60 115 70 60 125 60 60 75 130 45 120 10 40]"
197,5,"[25 10 65 35 55 35 5 110 60 15 85 25 70 75]"
197,10,"[20 95 0 70 70 60 70 70 20 85 95 0 20 0]"
197,6,"[60 30 50 30 70 60 60 10 110 80 50 70 40 50]"
197,2,"[25 60 5 40 40 65 90 25 30 0 90 5 65 30]"
197,6,"[30 10 20 10 50 40 40 0 30 20 20 20 20 30]"
197,10,"[60 50 50 90 70 80 50 30 90 50 50 80 60 40]"
