1,4,"[40 70 60 115 75 120 130 30 60 65 60 45 115 10 45 75 60 110 60 125]"
1,18,"[50 30 70 50 70 70 80 40 10 60 70 50 60 40 60 110 30 100 60 60]"
1,5,"[30 40 60 5 55 5 0 30 25 15 40 90 25 65 5 30 60 40 90 65]"
1,18,"[30 10 20 20 10 20 20 20 0 40 50 20 30 20 30 30 10 40 40 40]"
1,2,"[40 90 50 50 80 80 50 80 30 70 70 50 60 60 60 90 50 90 50 80]"
1,5,"[75 35 15 65 95 25 15 95 110 10 55 85 25 70 35 60 10 35 5 35]"
1,2,"[0 70 35 0 40 0 85 70 70 100 70 95 20 20 70 20 95 55 70 60]"
1,2,"[20 40 60 0 30 30 30 30 20 30 40 30 10 20 20 60 40 30 30 0]"
4,18,"[30 10 20 20 10 20 20 20 0 40 50 20 30 20 30 30 10 40 40 40]"
4,20,"[30 40 60 5 55 5 0 30 25 15 40 90 25 65 5 30 60 40 90 65]"
4,11,"[20 40 60 0 30 30 30 30 20 30 40 30 10 20 20 60 40 30 30 0]"
4,18,"[50 30 70 50 70 70 80 40 10 60 70 50 60 40 60 110 30 100 60 60]"
4,5,"[75 35 15 65 95 25 15 95 110 10 55 85 25 70 35 60 10 35 5 35]"
4,18,"[40 90 50 50 80 80 50 80 30 70 70 50 60 60 60 90 50 90 50 80]"
4,19,"[0 70 35 0 40 0 85 70 70 100 70 95 20 20 70 20 95 55 70 60]"
5,5,"[40 90 50 50 80 80 50 80 30 70 70 50 60 60 60 90 50 90 50 80]"
5,7,"[0 70 35 0 40 0 85 70 70 100 70 95 20 20 70 20 95 55 70 60]"
5,16,"[20 40 60 0 30 30 30 30 20 30 40 30 10 20 20 60 40 30 30 0]"
5,5,"[75 35 15 65 95 25 15 95 110 10 55 85 25 70 35 60 10 35 5 35]"
5,18,"[50 30 70 50 70 70 80 40 10 60 70 50 60 40 60 110 30 100 60 60]"
5,16,"[30 10 20 20 10 20 20 20 0 40 50 20 30 20 30 30 10 40 40 40]"
5,5,"[30 40 60 5 55 5 0 30 25 15 40 90 25 65 5 30 60 40 90 65]"
5,20,"[40 70 60 115 75 120 130 30 60 65 60 45 115 10 45 75 60 110 60 125]"
6,7,"[0 70 35 0 40 0 85 70 70 100 70 95 20 20 70 20 95 55 70 60]"
6,11,"[20 40 60 0 30 30 30 30 20 30 40 30 10 20 20 60 40 30 30 0]"
6,5,"[75 35 15 65 95 25 15 95 110 10 55 85 25 70 35 60 10 35 5 35]"
6,4,"[50 30 70 50 70 70 80 40 10 60 70 50 60 40 60 110 30 100 60 60]"
6,5,"[30 40 60 5 55 5 0 30 25 15 40 90 25 65 5 30 60 40 90 65]"
6,11,"[40 90 50 50 80 80 50 80 30 70 70 50 60 60 60 90 50 90 50 80]"
6,20,"[40 70 60 115 75 120 130 30 60 65 60 45 115 10 45 75 60 110 60 125]"
6,4,"[30 10 20 20 10 20 20 20 0 40 50 20 30 20 30 30 10 40 40 40]"
7,8,"[30 40 60 5 55 5 0 30 25 15 40 90 25 65 5 30 60 40 90 65]"
7,3,"[20 40 60 0 30 30 30 30 20 30 40 30 10 20 20 60 40 30 30 0]"
7,18,"[50 30 70 50 70 70 80 40 10 60 70 50 60 40 60 110 30 100 60 60]"
7,11,"[30 10 20 20 10 20 20 20 0 40 50 20 30 20 30 30 10 40 40 40]"
7,20,"[40 70 60 115 75 120 130 30 60 65 60 45 115 10 45 75 60 110 60 125]"
7,17,"[0 70 35 0 40 0 85 70 70 100 70 95 20 20 70 20 95 55 70 60]"
7,8,"[75 35 15 65 95 25 15 95 110 10 55 85 25 70 35 60 10 35 5 35]"
7,18,"[40 90 50 50 80 80 50 80 30 70 70 50 60 60 60 90 50 90 50 80]"
8,16,"[20 40 60 0 30 30 30 30 20 30 40 30 10 20 20 60 40 30 30 0]"
8,18,"[50 30 70 50 70 70 80 40 10 60 70 50 60 40 60 110 30 100 60 60]"
8,12,"[0 70 35 0 40 0 85 70 70 100 70 95 20 20 70 20 95 55 70 60]"
8,19,"[30 10 20 20 10 20 20 20 0 40 50 20 30 20 30 30 10 40 40 40]"
8,12,"[30 40 60 5 55 5 0 30 25 15 40 90 25 65 5 30 60 40 90 65]"
8,2,"[40 90 50 50 80 80 50 80 30 70 70 50 60 60 60 90 50 90 50 80]"
8,20,"[40 70 60 115 75 120 130 30 60 65 60 45 115 10 45 75 60 110 60 125]"
8,8,"[75 35 15 65 95 25 15 95 110 10 55 85 25 70 35 60 10 35 5 35]"
9,7,"[0 70 35 0 40 0 85 70 70 100 70 95 20 20 70 20 95 55 70 60]"
9,2,"[40 90 50 50 80 80 50 80 30 70 70 50 60 60 60 90 50 90 50 80]"
9,3,"[20 40 60 0 30 30 30 30 20 30 40 30 10 20 20 60 40 30 30 0]"
9,12,"[75 35 15 65 95 25 15 95 110 10 55 85 25 70 35 60 10 35 5 35]"
9,13,"[50 30 70 50 70 70 80 40 10 60 70 50 60 40 60 110 30 100 60 60]"
9,6,"[40 70 60 115 75 120 130 30 60 65 60 45 115 10 45 75 60 110 60 125]"
9,20,"[30 40 60 5 55 5 0 30 25 15 40 90 25 65 5 30 60 40 90 65]"
9,10,"[30 10 20 20 10 20 20 20 0 40 50 20 30 20 30 30 10 40 40 40]"
10,16,"[50 30 70 50 70 70 80 40 10 60 70 50 60 40 60 110 30 100 60 60]"
10,6,"[40 90 50 50 80 80 50 80 30 70 70 50 60 60 60 90 50 90 50 80]"
10,14,"[75 35 15 65 95 25 15 95 110 10 55 85 25 70 35 60 10 35 5 35]"
10,7,"[40 70 60 115 75 120 130 30 60 65 60 45 115 10 45 75 60 110 60 125]"
10,19,"[30 40 60 5 55 5 0 30 25 15 40 90 25 65 5 30 60 40 90 65]"
10,16,"[20 40 60 0 30 30 30 30 20 30 40 30 10 20 20 60 40 30 30 0]"
10,11,"[30 10 20 20 10 20 20 20 0 40 50 20 30 20 30 30 10 40 40 40]"
10,10,"[0 70 35 0 40 0 85 70 70 100 70 95 20 20 70 20 95 55 70 60]"
11,12,"[30 40 60 5 55 5 0 30 25 15 40 90 25 65 5 30 60 40 90 65]"
11,5,"[50 30 70 50 70 70 80 40 10 60 70 50 60 40 60 110 30 100 60 60]"
11,17,"[0 70 35 0 40 0 85 70 70 100 70 95 20 20 70 20 95 55 70 60]"
11,20,"[40 70 60 115 75 120 130 30 60 65 60 45 115 10 45 75 60 110 60 125]"
11,19,"[30 10 20 20 10 20 20 20 0 40 50 20 30 20 30 30 10 40 40 40]"
11,17,"[20 40 60 0 30 30 30 30 20 30 40 30 10 20 20 60 40 30 30 0]"
11,2,"[40 90 50 50 80 80 50 80 30 70 70 50 60 60 60 90 50 90 50 80]"
11,12,"[75 35 15 65 95 25 15 95 110 10 55 85 25 70 35 60 10 35 5 35]"
12,7,"[50 30 70 50 70 70 80 40 10 60 70 50 60 40 60 110 30 100 60 60]"
12,2,"[0 70 35 0 40 0 85 70 70 100 70 95 20 20 70 20 95 55 70 60]"
12,11,"[20 40 60 0 30 30 30 30 20 30 40 30 10 20 20 60 40 30 30 0]"
12,19,"[30 10 20 20 10 20 20 20 0 40 50 20 30 20 30 30 10 40 40 40]"
12,20,"[30 40 60 5 55 5 0 30 25 15 40 90 25 65 5 30 60 40 90 65]"
12,4,"[40 70 60 115 75 120 130 30 60 65 60 45 115 10 45 75 60 110 60 125]"
12,2,"[40 90 50 50 80 80 50 80 30 70 70 50 60 60 60 90 50 90 50 80]"
12,8,"[75 35 15 65 95 25 15 95 110 10 55 85 25 70 35 60 10 35 5 35]"
14,19,"[40 90 50 50 80 80 50 80 30 70 70 50 60 60 60 90 50 90 50 80]"
14,11,"[75 35 15 65 95 25 15 95 110 10 55 85 25 70 35 60 10 35 5 35]"
14,20,"[30 10 20 20 10 20 20 20 0 40 50 20 30 20 30 30 10 40 40 40]"
14,19,"[30 40 60 5 55 5 0 30 25 15 40 90 25 65 5 30 60 40 90 65]"
14,17,"[0 70 35 0 40 0 85 70 70 100 70 95 20 20 70 20 95 55 70 60]"
14,18,"[40 70 60 115 75 120 130 30 60 65 60 45 115 10 45 75 60 110 60 125]"
14,3,"[20 40 60 0 30 30 30 30 20 30 40 30 10 20 20 60 40 30 30 0]"
14,20,"[50 30 70 50 70 70 80 40 10 60 70 50 60 40 60 110 30 100 60 60]"
16,5,"[30 40 60 5 55 5 0 30 25 15 40 90 25 65 5 30 60 40 90 65]"
16,2,"[40 90 50 50 80 80 50 80 30 70 70 50 60 60 60 90 50 90 50 80]"
16,8,"[20 40 60 0 30 30 30 30 20 30 40 30 10 20 20 60 40 30 30 0]"
16,5,"[50 30 70 50 70 70 80 40 10 60 70 50 60 40 60 110 30 100 60 60]"
16,8,"[75 35 15 65 95 25 15 95 110 10 55 85 25 70 35 60 10 35 5 35]"
16,20,"[40 70 60 115 75 120 130 30 60 65 60 45 115 10 45 75 60 110 60 125]"
16,8,"[0 70 35 0 40 0 85 70 70 100 70 95 20 20 70 20 95 55 70 60]"
17,4,"[30 10 20 20 10 20 20 20 0 40 50 20 30 20 30 30 10 40 40 40]"
17,19,"[30 40 60 5 55 5 0 30 25 15 40 90 25 65 5 30 60 40 90 65]"
17,4,"[40 90 50 50 80 80 50 80 30 70 70 50 60 60 60 90 50 90 50 80]"
17,4,"[75 35 15 65 95 25 15 95 110 10 55 85 25 70 35 60 10 35 5 35]"
17,19,"[40 70 60 115 75 120 130 30 60 65 60 45 115 10 45 75 60 110 60 125]"
17,8,"[0 70 35 0 40 0 85 70 70 100 70 95 20 20 70 20 95 55 70 60]"
17,19,"[20 40 60 0 30 30 30 30 20 30 40 30 10 20 20 60 40 30 30 0]"
18,16,"[20 40 60 0 30 30 30 30 20 30 40 30 10 20 20 60 40 30 30 0]"
18,18,"[30 10 20 20 10 20 20 20 0 40 50 20 30 20 30 30 10 40 40 40]"
18,2,"[40 90 50 50 80 80 50 80 30 70 70 50 60 60 60 90 50 90 50 80]"
18,12,"[30 40 60 5 55 5 0 30 25 15 40 90 25 65 5 30 60 40 90 65]"
18,20,"[40 70 60 115 75 120 130 30 60 65 60 45 115 10 45 75 60 110 60 125]"
18,18,"[50 30 70 50 70 70 80 40 10 60 70 50 60 40 60 110 30 100 60 60]"
18,12,"[75 35 15 65 95 25 15 95 110 10 55 85 25 70 35 60 10 35 5 35]"
18,15,"[0 70 35 0 40 0 85 70 70 100 70 95 20 20 70 20 95 55 70 60]"
19,7,"[40 70 60 115 75 120 130 30 60 65 60 45 115 10 45 75 60 110 60 125]"
19,17,"[20 40 60 0 30 30 30 30 20 30 40 30 10 20 20 60 40 30 30 0]"
19,11,"[30 10 20 20 10 20 20 20 0 40 50 20 30 20 30 30 10 40 40 40]"
19,2,"[40 90 50 50 80 80 50 80 30 70 70 50 60 60 60 90 50 90 50 80]"
19,14,"[30 40 60 5 55 5 0 30 25 15 40 90 25 65 5 30 60 40 90 65]"
19,16,"[50 30 70 50 70 70 80 40 10 60 70 50 60 40 60 110 30 100 60 60]"
19,5,"[75 35 15 65 95 25 15 95 110 10 55 85 25 70 35 60 10 35 5 35]"
19,12,"[0 70 35 0 40 0 85 70 70 100 70 95 20 20 70 20 95 55 70 60]"
21,5,"[75 35 15 65 95 25 15 95 110 10 55 85 25 70 35 60 10 35 5 35]"
21,19,"[30 40 60 5 55 5 0 30 25 15 40 90 25 65 5 30 60 40 90 65]"
21,11,"[20 40 60 0 30 30 30 30 20 30 40 30 10 20 20 60 40 30 30 0]"
21,20,"[40 70 60 115 75 120 130 30 60 65 60 45 115 10 45 75 60 110 60 125]"
21,11,"[30 10 20 20 10 20 20 20 0 40 50 20 30 20 30 30 10 40 40 40]"
21,18,"[40 90 50 50 80 80 50 80 30 70 70 50 60 60 60 90 50 90 50 80]"
21,15,"[0 70 35 0 40 0 85 70 70 100 70 95 20 20 70 20 95 55 70 60]"
21,18,"[50 30 70 50 70 70 80 40 10 60 70 50 60 40 60 110 30 100 60 60]"
22,7,"[0 70 35 0 40 0 85 70 70 100 70 95 20 20 70 20 95 55 70 60]"
22,8,"[75 35 15 65 95 25 15 95 110 10 55 85 25 70 35 60 10 35 5 35]"
22,18,"[40 90 50 50 80 80 50 80 30 70 70 50 60 60 60 90 50 90 50 80]"
22,6,"[40 70 60 115 75 120 130 30 60 65 60 45 115 10 45 75 60 110 60 125]"
22,11,"[30 40 60 5 55 5 0 30 25 15 40 90 25 65 5 30 60 40 90 65]"
22,16,"[20 40 60 0 30 30 30 30 20 30 40 30 10 20 20 60 40 30 30 0]"
22,18,"[30 10 20 20 10 20 20 20 0 40 50 20 30 20 30 30 10 40 40 40]"
22,16,"[50 30 70 50 70 70 80 40 10 60 70 50 60 40 60 110 30 100 60 60]"
24,13,"[40 70 60 115 75 120 130 30 60 65 60 45 115 10 45 75 60 110 60 125]"
24,18,"[50 30 70 50 70 70 80 40 10 60 70 50 60 40 60 110 30 100 60 60]"
24,17,"[30 40 60 5 55 5 0 30 25 15 40 90 25 65 5 30 60 40 90 65]"
24,12,"[0 70 35 0 40 0 85 70 70 100 70 95 20 20 70 20 95 55 70 60]"
24,8,"[75 35 15 65 95 25 15 95 110 10 55 85 25 70 35 60 10 35 5 35]"
24,18,"[30 10 20 20 10 20 20 20 0 40 50 20 30 20 30 30 10 40 40 40]"
24,16,"[20 40 60 0 30 30 30 30 20 30 40 30 10 20 20 60 40 30 30 0]"
24,2,"[40 90 50 50 80 80 50 80 30 70 70 50 60 60 60 90 50 90 50 80]"
25,6,"[40 70 60 115 75 120 130 30 60 65 60 45 115 10 45 75 60 110 60 125]"
25,5,"[40 90 50 50 80 80 50 80 30 70 70 50 60 60 60 90 50 90 50 80]"
25,15,"[0 70 35 0 40 0 85 70 70 100 70 95 20 20 70 20 95 55 70 60]"
25,3,"[75 35 15 65 95 25 15 95 110 10 55 85 25 70 35 60 10 35 5 35]"
25,15,"[50 30 70 50 70 70 80 40 10 60 70 50 60 40 60 110 30 100 60 60]"
25,19,"[30 10 20 20 10 20 20 20 0 40 50 20 30 20 30 30 10 40 40 40]"
25,3,"[20 40 60 0 30 30 30 30 20 30 40 30 10 20 20 60 40 30 30 0]"
25,14,"[30 40 60 5 55 5 0 30 25 15 40 90 25 65 5 30 60 40 90 65]"
26,20,"[40 70 60 115 75 120 130 30 60 65 60 45 115 10 45 75 60 110 60 125]"
26,12,"[20 40 60 0 30 30 30 30 20 30 40 30 10 20 20 60 40 30 30 0]"
26,5,"[50 30 70 50 70 70 80 40 10 60 70 50 60 40 60 110 30 100 60 60]"
26,20,"[30 40 60 5 55 5 0 30 25 15 40 90 25 65 5 30 60 40 90 65]"
26,7,"[30 10 20 20 10 20 20 20 0 40 50 20 30 20 30 30 10 40 40 40]"
26,1,"[75 35 15 65 95 25 15 95 110 10 55 85 25 70 35 60 10 35 5 35]"
26,7,"[0 70 35 0 40 0 85 70 70 100 70 95 20 20 70 20 95 55 70 60]"
26,16,"[40 90 50 50 80 80 50 80 30 70 70 50 60 60 60 90 50 90 50 80]"
27,5,"[40 90 50 50 80 80 50 80 30 70 70 50 60 60 60 90 50 90 50 80]"
27,10,"[0 70 35 0 40 0 85 70 70 100 70 95 20 20 70 20 95 55 70 60]"
27,11,"[20 40 60 0 30 30 30 30 20 30 40 30 10 20 20 60 40 30 30 0]"
27,4,"[40 70 60 115 75 120 130 30 60 65 60 45 115 10 45 75 60 110 60 125]"
27,12,"[30 40 60 5 55 5 0 30 25 15 40 90 25 65 5 30 60 40 90 65]"
27,11,"[30 10 20 20 10 20 20 20 0 40 50 20 30 20 30 30 10 40 40 40]"
27,16,"[50 30 70 50 70 70 80 40 10 60 70 50 60 40 60 110 30 100 60 60]"
27,5,"[75 35 15 65 95 25 15 95 110 10 55 85 25 70 35 60 10 35 5 35]"
28,7,"[40 70 60 115 75 120 130 30 60 65 60 45 115 10 45 75 60 110 60 125]"
28,20,"[0 70 35 0 40 0 85 70 70 100 70 95 20 20 70 20 95 55 70 60]"
28,17,"[20 40 60 0 30 30 30 30 20 30 40 30 10 20 20 60 40 30 30 0]"
28,3,"[30 40 60 5 55 5 0 30 25 15 40 90 25 65 5 30 60 40 90 65]"
28,18,"[40 90 50 50 80 80 50 80 30 70 70 50 60 60 60 90 50 90 50 80]"
28,16,"[50 30 70 50 70 70 80 40 10 60 70 50 60 40 60 110 30 100 60 60]"
28,14,"[75 35 15 65 95 25 15 95 110 10 55 85 25 70 35 60 10 35 5 35]"
28,11,"[30 10 20 20 10 20 20 20 0 40 50 20 30 20 30 30 10 40 40 40]"
29,8,"[0 70 35 0 40 0 85 70 70 100 70 95 20 20 70 20 95 55 70 60]"
29,4,"[40 70 60 115 75 120 130 30 60 65 60 45 115 10 45 75 60 110 60 125]"
29,5,"[30 40 60 5 55 5 0 30 25 15 40 90 25 65 5 30 60 40 90 65]"
29,16,"[40 90 50 50 80 80 50 80 30 70 70 50 60 60 60 90 50 90 50 80]"
29,10,"[50 30 70 50 70 70 80 40 10 60 70 50 60 40 60 110 30 100 60 60]"
29,16,"[20 40 60 0 30 30 30 30 20 30 40 30 10 20 20 60 40 30 30 0]"
29,5,"[75 35 15 65 95 25 15 95 110 10 55 85 25 70 35 60 10 35 5 35]"
29,10,"[30 10 20 20 10 20 20 20 0 40 50 20 30 20 30 30 10 40 40 40]"
30,18,"[50 30 70 50 70 70 80 40 10 60 70 50 60 40 60 110 30 100 60 60]"
30,3,"[30 40 60 5 55 5 0 30 25 15 40 90 25 65 5 30 60 40 90 65]"
30,18,"[40 90 50 50 80 80 50 80 30 70 70 50 60 60 60 90 50 90 50 80]"
30,3,"[20 40 60 0 30 30 30 30 20 30 40 30 10 20 20 60 40 30 30 0]"
30,18,"[40 70 60 115 75 120 130 30 60 65 60 45 115 10 45 75 60 110 60 125]"
30,9,"[75 35 15 65 95 25 15 95 110 10 55 85 25 70 35 60 10 35 5 35]"
30,18,"[30 10 20 20 10 20 20 20 0 40 50 20 30 20 30 30 10 40 40 40]"
30,7,"[0 70 35 0 40 0 85 70 70 100 70 95 20 20 70 20 95 55 70 60]"
34,8,"[0 70 35 0 40 0 85 70 70 100 70 95 20 20 70 20 95 55 70 60]"
34,16,"[20 40 60 0 30 30 30 30 20 30 40 30 10 20 20 60 40 30 30 0]"
34,9,"[75 35 15 65 95 25 15 95 110 10 55 85 25 70 35 60 10 35 5 35]"
34,2,"[40 90 50 50 80 80 50 80 30 70 70 50 60 60 60 90 50 90 50 80]"
34,1,"[30 10 20 20 10 20 20 20 0 40 50 20 30 20 30 30 10 40 40 40]"
34,3,"[30 40 60 5 55 5 0 30 25 15 40 90 25 65 5 30 60 40 90 65]"
34,16,"[50 30 70 50 70 70 80 40 10 60 70 50 60 40 60 110 30 100 60 60]"
34,6,"[40 70 60 115 75 120 130 30 60 65 60 45 115 10 45 75 60 110 60 125]"
35,18,"[30 10 20 20 10 20 20 20 0 40 50 20 30 20 30 30 10 40 40 40]"
35,17,"[30 40 60 5 55 5 0 30 25 15 40 90 25 65 5 30 60 40 90 65]"
35,7,"[0 70 35 0 40 0 85 70 70 100 70 95 20 20 70 20 95 55 70 60]"
35,5,"[75 35 15 65 95 25 15 95 110 10 55 85 25 70 35 60 10 35 5 35]"
35,16,"[20 40 60 0 30 30 30 30 20 30 40 30 10 20 20 60 40 30 30 0]"
35,13,"[40 70 60 115 75 120 130 30 60 65 60 45 115 10 45 75 60 110 60 125]"
35,18,"[50 30 70 50 70 70 80 40 10 60 70 50 60 40 60 110 30 100 60 60]"
35,16,"[40 90 50 50 80 80 50 80 30 70 70 50 60 60 60 90 50 90 50 80]"
37,3,"[20 40 60 0 30 30 30 30 20 30 40 30 10 20 20 60 40 30 30 0]"
37,16,"[30 10 20 20 10 20 20 20 0 40 50 20 30 20 30 30 10 40 40 40]"
37,10,"[0 70 35 0 40 0 85 70 70 100 70 95 20 20 70 20 95 55 70 60]"
37,7,"[40 70 60 115 75 120 130 30 60 65 60 45 115 10 45 75 60 110 60 125]"
37,16,"[50 30 70 50 70 70 80 40 10 60 70 50 60 40 60 110 30 100 60 60]"
37,16,"[40 90 50 50 80 80 50 80 30 70 70 50 60 60 60 90 50 90 50 80]"
37,1,"[30 40 60 5 55 5 0 30 25 15 40 90 25 65 5 30 60 40 90 65]"
37,18,"[75 35 15 65 95 25 15 95 110 10 55 85 25 70 35 60 10 35 5 35]"
38,12,"[30 40 60 5 55 5 0 30 25 15 40 90 25 65 5 30 60 40 90 65]"
38,3,"[50 30 70 50 70 70 80 40 10 60 70 50 60 40 60 110 30 100 60 60]"
38,19,"[30 10 20 20 10 20 20 20 0 40 50 20 30 20 30 30 10 40 40 40]"
38,8,"[40 90 50 50 80 80 50 80 30 70 70 50 60 60 60 90 50 90 50 80]"
38,20,"[20 40 60 0 30 30 30 30 20 30 40 30 10 20 20 60 40 30 30 0]"
38,9,"[75 35 15 65 95 25 15 95 110 10 55 85 25 70 35 60 10 35 5 35]"
38,5,"[40 70 60 115 75 120 130 30 60 65 60 45 115 10 45 75 60 110 60 125]"
38,2,"[0 70 35 0 40 0 85 70 70 100 70 95 20 20 70 20 95 55 70 60]"
39,16,"[40 90 50 50 80 80 50 80 30 70 70 50 60 60 60 90 50 90 50 80]"
39,10,"[0 70 35 0 40 0 85 70 70 100 70 95 20 20 70 20 95 55 70 60]"
39,19,"[30 40 60 5 55 5 0 30 25 15 40 90 25 65 5 30 60 40 90 65]"
39,3,"[20 40 60 0 30 30 30 30 20 30 40 30 10 20 20 60 40 30 30 0]"
39,7,"[40 70 60 115 75 120 130 30 60 65 60 45 115 10 45 75 60 110 60 125]"
39,20,"[30 10 20 20 10 20 20 20 0 40 50 20 30 20 30 30 10 40 40 40]"
39,18,"[50 30 70 50 70 70 80 40 10 60 70 50 60 40 60 110 30 100 60 60]"
39,9,"[75 35 15 65 95 25 15 95 110 10 55 85 25 70 35 60 10 35 5 35]"
41,20,"[50 30 70 50 70 70 80 40 10 60 70 50 60 40 60 110 30 100 60 60]"
41,4,"[75 35 15 65 95 25 15 95 110 10 55 85 25 70 35 60 10 35 5 35]"
41,8,"[20 40 60 0 30 30 30 30 20 30 40 30 10 20 20 60 40 30 30 0]"
41,20,"[0 70 35 0 40 0 85 70 70 100 70 95 20 20 70 20 95 55 70 60]"
41,11,"[30 40 60 5 55 5 0 30 25 15 40 90 25 65 5 30 60 40 90 65]"
41,10,"[30 10 20 20 10 20 20 20 0 40 50 20 30 20 30 30 10 40 40 40]"
41,20,"[40 70 60 115 75 120 130 30 60 65 60 45 115 10 45 75 60 110 60 125]"
41,8,"[40 90 50 50 80 80 50 80 30 70 70 50 60 60 60 90 50 90 50 80]"
43,19,"[30 40 60 5 55 5 0 30 25 15 40 90 25 65 5 30 60 40 90 65]"
43,16,"[40 90 50 50 80 80 50 80 30 70 70 50 60 60 60 90 50 90 50 80]"
43,11,"[75 35 15 65 95 25 15 95 110 10 55 85 25 70 35 60 10 35 5 35]"
43,19,"[30 10 20 20 10 20 20 20 0 40 50 20 30 20 30 30 10 40 40 40]"
43,16,"[20 40 60 0 30 30 30 30 20 30 40 30 10 20 20 60 40 30 30 0]"
43,7,"[50 30 70 50 70 70 80 40 10 60 70 50 60 40 60 110 30 100 60 60]"
43,2,"[0 70 35 0 40 0 85 70 70 100 70 95 20 20 70 20 95 55 70 60]"
43,7,"[40 70 60 115 75 120 130 30 60 65 60 45 115 10 45 75 60 110 60 125]"
44,16,"[30 10 20 20 10 20 20 20 0 40 50 20 30 20 30 30 10 40 40 40]"
44,3,"[30 40 60 5 55 5 0 30 25 15 40 90 25 65 5 30 60 40 90 65]"
44,16,"[40 90 50 50 80 80 50 80 30 70 70 50 60 60 60 90 50 90 50 80]"
44,20,"[40 70 60 115 75 120 130 30 60 65 60 45 115 10 45 75 60 110 60 125]"
44,3,"[20 40 60 0 30 30 30 30 20 30 40 30 10 20 20 60 40 30 30 0]"
44,16,"[50 30 70 50 70 70 80 40 10 60 70 50 60 40 60 110 30 100 60 60]"
44,20,"[75 35 15 65 95 25 15 95 110 10 55 85 25 70 35 60 10 35 5 35]"
44,9,"[0 70 35 0 40 0 85 70 70 100 70 95 20 20 70 20 95 55 70 60]"
46,18,"[40 90 50 50 80 80 50 80 30 70 70 50 60 60 60 90 50 90 50 80]"
46,3,"[50 30 70 50 70 70 80 40 10 60 70 50 60 40 60 110 30 100 60 60]"
46,10,"[0 70 35 0 40 0 85 70 70 100 70 95 20 20 70 20 95 55 70 60]"
46,12,"[75 35 15 65 95 25 15 95 110 10 55 85 25 70 35 60 10 35 5 35]"
46,20,"[40 70 60 115 75 120 130 30 60 65 60 45 115 10 45 75 60 110 60 125]"
46,19,"[30 40 60 5 55 5 0 30 25 15 40 90 25 65 5 30 60 40 90 65]"
46,3,"[20 40 60 0 30 30 30 30 20 30 40 30 10 20 20 60 40 30 30 0]"
46,20,"[30 10 20 20 10 20 20 20 0 40 50 20 30 20 30 30 10 40 40 40]"
47,18,"[50 30 70 50 70 70 80 40 10 60 70 50 60 40 60 110 30 100 60 60]"
47,8,"[40 90 50 50 80 80 50 80 30 70 70 50 60 60 60 90 50 90 50 80]"
47,11,"[30 10 20 20 10 20 20 20 0 40 50 20 30 20 30 30 10 40 40 40]"
47,6,"[20 40 60 0 30 30 30 30 20 30 40 30 10 20 20 60 40 30 30 0]"
47,20,"[40 70 60 115 75 120 130 30 60 65 60 45 115 10 45 75 60 110 60 125]"
47,17,"[30 40 60 5 55 5 0 30 25 15 40 90 25 65 5 30 60 40 90 65]"
47,8,"[75 35 15 65 95 25 15 95 110 10 55 85 25 70 35 60 10 35 5 35]"
47,10,"[0 70 35 0 40 0 85 70 70 100 70 95 20 20 70 20 95 55 70 60]"
49,20,"[40 70 60 115 75 120 130 30 60 65 60 45 115 10 45 75 60 110 60 125]"
49,19,"[30 10 20 20 10 20 20 20 0 40 50 20 30 20 30 30 10 40 40 40]"
49,10,"[0 70 35 0 40 0 85 70 70 100 70 95 20 20 70 20 95 55 70 60]"
49,15,"[50 30 70 50 70 70 80 40 10 60 70 50 60 40 60 110 30 100 60 60]"
49,11,"[30 40 60 5 55 5 0 30 25 15 40 90 25 65 5 30 60 40 90 65]"
49,9,"[75 35 15 65 95 25 15 95 110 10 55 85 25 70 35 60 10 35 5 35]"
49,16,"[20 40 60 0 30 30 30 30 20 30 40 30 10 20 20 60 40 30 30 0]"
49,6,"[40 90 50 50 80 80 50 80 30 70 70 50 60 60 60 90 50 90 50 80]"
53,11,"[30 10 20 20 10 20 20 20 0 40 50 20 30 20 30 30 10 40 40 40]"
53,16,"[50 30 70 50 70 70 80 40 10 60 70 50 60 40 60 110 30 100 60 60]"
53,12,"[30 40 60 5 55 5 0 30 25 15 40 90 25 65 5 30 60 40 90 65]"
53,5,"[75 35 15 65 95 25 15 95 110 10 55 85 25 70 35 60 10 35 5 35]"
53,7,"[40 70 60 115 75 120 130 30 60 65 60 45 115 10 45 75 60 110 60 125]"
53,7,"[0 70 35 0 40 0 85 70 70 100 70 95 20 20 70 20 95 55 70 60]"
53,2,"[40 90 50 50 80 80 50 80 30 70 70 50 60 60 60 90 50 90 50 80]"
53,3,"[20 40 60 0 30 30 30 30 20 30 40 30 10 20 20 60 40 30 30 0]"
54,3,"[20 40 60 0 30 30 30 30 20 30 40 30 10 20 20 60 40 30 30 0]"
54,7,"[40 70 60 115 75 120 130 30 60 65 60 45 115 10 45 75 60 110 60 125]"
54,18,"[50 30 70 50 70 70 80 40 10 60 70 50 60 40 60 110 30 100 60 60]"
54,9,"[75 35 15 65 95 25 15 95 110 10 55 85 25 70 35 60 10 35 5 35]"
54,18,"[40 90 50 50 80 80 50 80 30 70 70 50 60 60 60 90 50 90 50 80]"
54,10,"[30 10 20 20 10 20 20 20 0 40 50 20 30 20 30 30 10 40 40 40]"
54,19,"[30 40 60 5 55 5 0 30 25 15 40 90 25 65 5 30 60 40 90 65]"
54,10,"[0 70 35 0 40 0 85 70 70 100 70 95 20 20 70 20 95 55 70 60]"
55,10,"[0 70 35 0 40 0 85 70 70 100 70 95 20 20 70 20 95 55 70 60]"
55,7,"[40 70 60 115 75 120 130 30 60 65 60 45 115 10 45 75 60 110 60 125]"
55,10,"[30 10 20 20 10 20 20 20 0 40 50 20 30 20 30 30 10 40 40 40]"
55,7,"[50 30 70 50 70 70 80 40 10 60 70 50 60 40 60 110 30 100 60 60]"
55,1,"[75 35 15 65 95 25 15 95 110 10 55 85 25 70 35 60 10 35 5 35]"
55,18,"[40 90 50 50 80 80 50 80 30 70 70 50 60 60 60 90 50 90 50 80]"
55,2,"[20 40 60 0 30 30 30 30 20 30 40 30 10 20 20 60 40 30 30 0]"
55,5,"[30 40 60 5 55 5 0 30 25 15 40 90 25 65 5 30 60 40 90 65]"
57,6,"[40 70 60 115 75 120 130 30 60 65 60 45 115 10 45 75 60 110 60 125]"
57,11,"[30 10 20 20 10 20 20 20 0 40 50 20 30 20 30 30 10 40 40 40]"
57,12,"[75 35 15 65 95 25 15 95 110 10 55 85 25 70 35 60 10 35 5 35]"
57,16,"[20 40 60 0 30 30 30 30 20 30 40 30 10 20 20 60 40 30 30 0]"
57,19,"[30 40 60 5 55 5 0 30 25 15 40 90 25 65 5 30 60 40 90 65]"
57,18,"[50 30 70 50 70 70 80 40 10 60 70 50 60 40 60 110 30 100 60 60]"
57,2,"[40 90 50 50 80 80 50 80 30 70 70 50 60 60 60 90 50 90 50 80]"
57,10,"[0 70 35 0 40 0 85 70 70 100 70 95 20 20 70 20 95 55 70 60]"
60,10,"[0 70 35 0 40 0 85 70 70 100 70 95 20 20 70 20 95 55 70 60]"
60,7,"[40 70 60 115 75 120 130 30 60 65 60 45 115 10 45 75 60 110 60 125]"
60,5,"[75 35 15 65 95 25 15 95 110 10 55 85 25 70 35 60 10 35 5 35]"
60,18,"[50 30 70 50 70 70 80 40 10 60 70 50 60 40 60 110 30 100 60 60]"
60,3,"[30 40 60 5 55 5 0 30 25 15 40 90 25 65 5 30 60 40 90 65]"
60,18,"[30 10 20 20 10 20 20 20 0 40 50 20 30 20 30 30 10 40 40 40]"
60,2,"[40 90 50 50 80 80 50 80 30 70 70 50 60 60 60 90 50 90 50 80]"
60,16,"[20 40 60 0 30 30 30 30 20 30 40 30 10 20 20 60 40 30 30 0]"
62,10,"[0 70 35 0 40 0 85 70 70 100 70 95 20 20 70 20 95 55 70 60]"
62,12,"[30 40 60 5 55 5 0 30 25 15 40 90 25 65 5 30 60 40 90 65]"
62,19,"[30 10 20 20 10 20 20 20 0 40 50 20 30 20 30 30 10 40 40 40]"
62,18,"[50 30 70 50 70 70 80 40 10 60 70 50 60 40 60 110 30 100 60 60]"
62,2,"[20 40 60 0 30 30 30 30 20 30 40 30 10 20 20 60 40 30 30 0]"
62,10,"[40 90 50 50 80 80 50 80 30 70 70 50 60 60 60 90 50 90 50 80]"
62,8,"[75 35 15 65 95 25 15 95 110 10 55 85 25 70 35 60 10 35 5 35]"
62,7,"[40 70 60 115 75 120 130 30 60 65 60 45 115 10 45 75 60 110 60 125]"
63,4,"[40 70 60 115 75 120 130 30 60 65 60 45 115 10 45 75 60 110 60 125]"
63,5,"[75 35 15 65 95 25 15 95 110 10 55 85 25 70 35 60 10 35 5 35]"
63,11,"[20 40 60 0 30 30 30 30 20 30 40 30 10 20 20 60 40 30 30 0]"
63,18,"[40 90 50 50 80 80 50 80 30 70 70 50 60 60 60 90 50 90 50 80]"
63,10,"[0 70 35 0 40 0 85 70 70 100 70 95 20 20 70 20 95 55 70 60]"
63,18,"[30 10 20 20 10 20 20 20 0 40 50 20 30 20 30 30 10 40 40 40]"
63,18,"[50 30 70 50 70 70 80 40 10 60 70 50 60 40 60 110 30 100 60 60]"
63,12,"[30 40 60 5 55 5 0 30 25 15 40 90 25 65 5 30 60 40 90 65]"
64,10,"[30 10 20 20 10 20 20 20 0 40 50 20 30 20 30 30 10 40 40 40]"
64,3,"[20 40 60 0 30 30 30 30 20 30 40 30 10 20 20 60 40 30 30 0]"
64,7,"[50 30 70 50 70 70 80 40 10 60 70 50 60 40 60 110 30 100 60 60]"
64,10,"[0 70 35 0 40 0 85 70 70 100 70 95 20 20 70 20 95 55 70 60]"
64,7,"[40 70 60 115 75 120 130 30 60 65 60 45 115 10 45 75 60 110 60 125]"
64,16,"[75 35 15 65 95 25 15 95 110 10 55 85 25 70 35 60 10 35 5 35]"
64,8,"[40 90 50 50 80 80 50 80 30 70 70 50 60 60 60 90 50 90 50 80]"
64,19,"[30 40 60 5 55 5 0 30 25 15 40 90 25 65 5 30 60 40 90 65]"
66,7,"[40 70 60 115 75 120 130 30 60 65 60 45 115 10 45 75 60 110 60 125]"
66,11,"[50 30 70 50 70 70 80 40 10 60 70 50 60 40 60 110 30 100 60 60]"
66,16,"[20 40 60 0 30 30 30 30 20 30 40 30 10 20 20 60 40 30 30 0]"
66,2,"[40 90 50 50 80 80 50 80 30 70 70 50 60 60 60 90 50 90 50 80]"
66,19,"[30 10 20 20 10 20 20 20 0 40 50 20 30 20 30 30 10 40 40 40]"
66,9,"[75 35 15 65 95 25 15 95 110 10 55 85 25 70 35 60 10 35 5 35]"
66,12,"[30 40 60 5 55 5 0 30 25 15 40 90 25 65 5 30 60 40 90 65]"
66,10,"[0 70 35 0 40 0 85 70 70 100 70 95 20 20 70 20 95 55 70 60]"
67,12,"[75 35 15 65 95 25 15 95 110 10 55 85 25 70 35 60 10 35 5 35]"
67,20,"[40 70 60 115 75 120 130 30 60 65 60 45 115 10 45 75 60 110 60 125]"
67,5,"[40 90 50 50 80 80 50 80 30 70 70 50 60 60 60 90 50 90 50 80]"
67,2,"[20 40 60 0 30 30 30 30 20 30 40 30 10 20 20 60 40 30 30 0]"
67,20,"[30 40 60 5 55 5 0 30 25 15 40 90 25 65 5 30 60 40 90 65]"
67,12,"[0 70 35 0 40 0 85 70 70 100 70 95 20 20 70 20 95 55 70 60]"
67,15,"[30 10 20 20 10 20 20 20 0 40 50 20 30 20 30 30 10 40 40 40]"
67,20,"[50 30 70 50 70 70 80 40 10 60 70 50 60 40 60 110 30 100 60 60]"
68,16,"[50 30 70 50 70 70 80 40 10 60 70 50 60 40 60 110 30 100 60 60]"
68,18,"[30 10 20 20 10 20 20 20 0 40 50 20 30 20 30 30 10 40 40 40]"
68,16,"[20 40 60 0 30 30 30 30 20 30 40 30 10 20 20 60 40 30 30 0]"
68,18,"[40 90 50 50 80 80 50 80 30 70 70 50 60 60 60 90 50 90 50 80]"
68,8,"[75 35 15 65 95 25 15 95 110 10 55 85 25 70 35 60 10 35 5 35]"
68,18,"[40 70 60 115 75 120 130 30 60 65 60 45 115 10 45 75 60 110 60 125]"
68,14,"[30 40 60 5 55 5 0 30 25 15 40 90 25 65 5 30 60 40 90 65]"
68,8,"[0 70 35 0 40 0 85 70 70 100 70 95 20 20 70 20 95 55 70 60]"
69,16,"[50 30 70 50 70 70 80 40 10 60 70 50 60 40 60 110 30 100 60 60]"
69,18,"[40 90 50 50 80 80 50 80 30 70 70 50 60 60 60 90 50 90 50 80]"
69,7,"[40 70 60 115 75 120 130 30 60 65 60 45 115 10 45 75 60 110 60 125]"
69,14,"[0 70 35 0 40 0 85 70 70 100 70 95 20 20 70 20 95 55 70 60]"
69,16,"[20 40 60 0 30 30 30 30 20 30 40 30 10 20 20 60 40 30 30 0]"
69,19,"[30 10 20 20 10 20 20 20 0 40 50 20 30 20 30 30 10 40 40 40]"
69,9,"[75 35 15 65 95 25 15 95 110 10 55 85 25 70 35 60 10 35 5 35]"
69,19,"[30 40 60 5 55 5 0 30 25 15 40 90 25 65 5 30 60 40 90 65]"
72,19,"[30 10 20 20 10 20 20 20 0 40 50 20 30 20 30 30 10 40 40 40]"
72,16,"[50 30 70 50 70 70 80 40 10 60 70 50 60 40 60 110 30 100 60 60]"
72,19,"[30 40 60 5 55 5 0 30 25 15 40 90 25 65 5 30 60 40 90 65]"
72,13,"[40 70 60 115 75 120 130 30 60 65 60 45 115 10 45 75 60 110 60 125]"
72,18,"[40 90 50 50 80 80 50 80 30 70 70 50 60 60 60 90 50 90 50 80]"
72,5,"[75 35 15 65 95 25 15 95 110 10 55 85 25 70 35 60 10 35 5 35]"
72,17,"[0 70 35 0 40 0 85 70 70 100 70 95 20 20 70 20 95 55 70 60]"
72,16,"[20 40 60 0 30 30 30 30 20 30 40 30 10 20 20 60 40 30 30 0]"
73,11,"[0 70 35 0 40 0 85 70 70 100 70 95 20 20 70 20 95 55 70 60]"
73,13,"[40 70 60 115 75 120 130 30 60 65 60 45 115 10 45 75 60 110 60 125]"
73,16,"[75 35 15 65 95 25 15 95 110 10 55 85 25 70 35 60 10 35 5 35]"
73,18,"[30 40 60 5 55 5 0 30 25 15 40 90 25 65 5 30 60 40 90 65]"
73,11,"[30 10 20 20 10 20 20 20 0 40 50 20 30 20 30 30 10 40 40 40]"
73,16,"[50 30 70 50 70 70 80 40 10 60 70 50 60 40 60 110 30 100 60 60]"
73,11,"[20 40 60 0 30 30 30 30 20 30 40 30 10 20 20 60 40 30 30 0]"
73,11,"[40 90 50 50 80 80 50 80 30 70 70 50 60 60 60 90 50 90 50 80]"
74,13,"[40 70 60 115 75 120 130 30 60 65 60 45 115 10 45 75 60 110 60 125]"
74,12,"[30 40 60 5 55 5 0 30 25 15 40 90 25 65 5 30 60 40 90 65]"
74,16,"[50 30 70 50 70 70 80 40 10 60 70 50 60 40 60 110 30 100 60 60]"
74,5,"[20 40 60 0 30 30 30 30 20 30 40 30 10 20 20 60 40 30 30 0]"
74,8,"[75 35 15 65 95 25 15 95 110 10 55 85 25 70 35 60 10 35 5 35]"
74,11,"[30 10 20 20 10 20 20 20 0 40 50 20 30 20 30 30 10 40 40 40]"
74,12,"[0 70 35 0 40 0 85 70 70 100 70 95 20 20 70 20 95 55 70 60]"
74,11,"[40 90 50 50 80 80 50 80 30 70 70 50 60 60 60 90 50 90 50 80]"
77,9,"[75 35 15 65 95 25 15 95 110 10 55 85 25 70 35 60 10 35 5 35]"
77,12,"[30 40 60 5 55 5 0 30 25 15 40 90 25 65 5 30 60 40 90 65]"
77,18,"[50 30 70 50 70 70 80 40 10 60 70 50 60 40 60 110 30 100 60 60]"
77,10,"[0 70 35 0 40 0 85 70 70 100 70 95 20 20 70 20 95 55 70 60]"
77,7,"[40 70 60 115 75 120 130 30 60 65 60 45 115 10 45 75 60 110 60 125]"
77,5,"[40 90 50 50 80 80 50 80 30 70 70 50 60 60 60 90 50 90 50 80]"
77,11,"[30 10 20 20 10 20 20 20 0 40 50 20 30 20 30 30 10 40 40 40]"
77,16,"[20 40 60 0 30 30 30 30 20 30 40 30 10 20 20 60 40 30 30 0]"
78,5,"[50 30 70 50 70 70 80 40 10 60 70 50 60 40 60 110 30 100 60 60]"
78,11,"[20 40 60 0 30 30 30 30 20 30 40 30 10 20 20 60 40 30 30 0]"
78,2,"[40 90 50 50 80 80 50 80 30 70 70 50 60 60 60 90 50 90 50 80]"
78,10,"[0 70 35 0 40 0 85 70 70 100 70 95 20 20 70 20 95 55 70 60]"
78,5,"[75 35 15 65 95 25 15 95 110 10 55 85 25 70 35 60 10 35 5 35]"
78,19,"[30 40 60 5 55 5 0 30 25 15 40 90 25 65 5 30 60 40 90 65]"
78,6,"[40 70 60 115 75 120 130 30 60 65 60 45 115 10 45 75 60 110 60 125]"
78,10,"[30 10 20 20 10 20 20 20 0 40 50 20 30 20 30 30 10 40 40 40]"
79,16,"[40 90 50 50 80 80 50 80 30 70 70 50 60 60 60 90 50 90 50 80]"
79,16,"[50 30 70 50 70 70 80 40 10 60 70 50 60 40 60 110 30 100 60 60]"
79,6,"[40 70 60 115 75 120 130 30 60 65 60 45 115 10 45 75 60 110 60 125]"
79,16,"[20 40 60 0 30 30 30 30 20 30 40 30 10 20 20 60 40 30 30 0]"
79,12,"[30 40 60 5 55 5 0 30 25 15 40 90 25 65 5 30 60 40 90 65]"
79,16,"[75 35 15 65 95 25 15 95 110 10 55 85 25 70 35 60 10 35 5 35]"
79,18,"[30 10 20 20 10 20 20 20 0 40 50 20 30 20 30 30 10 40 40 40]"
79,10,"[0 70 35 0 40 0 85 70 70 100 70 95 20 20 70 20 95 55 70 60]"
81,18,"[20 40 60 0 30 30 30 30 20 30 40 30 10 20 20 60 40 30 30 0]"
81,7,"[40 70 60 115 75 120 130 30 60 65 60 45 115 10 45 75 60 110 60 125]"
81,5,"[75 35 15 65 95 25 15 95 110 10 55 85 25 70 35 60 10 35 5 35]"
81,18,"[30 10 20 20 10 20 20 20 0 40 50 20 30 20 30 30 10 40 40 40]"
81,17,"[0 70 35 0 40 0 85 70 70 100 70 95 20 20 70 20 95 55 70 60]"
81,18,"[40 90 50 50 80 80 50 80 30 70 70 50 60 60 60 90 50 90 50 80]"
81,18,"[50 30 70 50 70 70 80 40 10 60 70 50 60 40 60 110 30 100 60 60]"
81,17,"[30 40 60 5 55 5 0 30 25 15 40 90 25 65 5 30 60 40 90 65]"
82,10,"[0 70 35 0 40 0 85 70 70 100 70 95 20 20 70 20 95 55 70 60]"
82,4,"[40 70 60 115 75 120 130 30 60 65 60 45 115 10 45 75 60 110 60 125]"
82,11,"[20 40 60 0 30 30 30 30 20 30 40 30 10 20 20 60 40 30 30 0]"
82,16,"[50 30 70 50 70 70 80 40 10 60 70 50 60 40 60 110 30 100 60 60]"
82,20,"[75 35 15 65 95 25 15 95 110 10 55 85 25 70 35 60 10 35 5 35]"
82,10,"[30 10 20 20 10 20 20 20 0 40 50 20 30 20 30 30 10 40 40 40]"
82,1,"[30 40 60 5 55 5 0 30 25 15 40 90 25 65 5 30 60 40 90 65]"
82,7,"[40 90 50 50 80 80 50 80 30 70 70 50 60 60 60 90 50 90 50 80]"
83,1,"[75 35 15 65 95 25 15 95 110 10 55 85 25 70 35 60 10 35 5 35]"
83,18,"[50 30 70 50 70 70 80 40 10 60 70 50 60 40 60 110 30 100 60 60]"
83,10,"[0 70 35 0 40 0 85 70 70 100 70 95 20 20 70 20 95 55 70 60]"
83,6,"[40 70 60 115 75 120 130 30 60 65 60 45 115 10 45 75 60 110 60 125]"
83,12,"[30 40 60 5 55 5 0 30 25 15 40 90 25 65 5 30 60 40 90 65]"
83,8,"[40 90 50 50 80 80 50 80 30 70 70 50 60 60 60 90 50 90 50 80]"
83,11,"[30 10 20 20 10 20 20 20 0 40 50 20 30 20 30 30 10 40 40 40]"
83,16,"[20 40 60 0 30 30 30 30 20 30 40 30 10 20 20 60 40 30 30 0]"
84,11,"[30 40 60 5 55 5 0 30 25 15 40 90 25 65 5 30 60 40 90 65]"
84,13,"[40 70 60 115 75 120 130 30 60 65 60 45 115 10 45 75 60 110 60 125]"
84,10,"[30 10 20 20 10 20 20 20 0 40 50 20 30 20 30 30 10 40 40 40]"
84,13,"[75 35 15 65 95 25 15 95 110 10 55 85 25 70 35 60 10 35 5 35]"
84,19,"[0 70 35 0 40 0 85 70 70 100 70 95 20 20 70 20 95 55 70 60]"
84,2,"[20 40 60 0 30 30 30 30 20 30 40 30 10 20 20 60 40 30 30 0]"
84,19,"[40 90 50 50 80 80 50 80 30 70 70 50 60 60 60 90 50 90 50 80]"
84,18,"[50 30 70 50 70 70 80 40 10 60 70 50 60 40 60 110 30 100 60 60]"
86,3,"[30 40 60 5 55 5 0 30 25 15 40 90 25 65 5 30 60 40 90 65]"
86,8,"[75 35 15 65 95 25 15 95 110 10 55 85 25 70 35 60 10 35 5 35]"
86,18,"[30 10 20 20 10 20 20 20 0 40 50 20 30 20 30 30 10 40 40 40]"
86,18,"[50 30 70 50 70 70 80 40 10 60 70 50 60 40 60 110 30 100 60 60]"
86,16,"[40 90 50 50 80 80 50 80 30 70 70 50 60 60 60 90 50 90 50 80]"
86,3,"[20 40 60 0 30 30 30 30 20 30 40 30 10 20 20 60 40 30 30 0]"
86,18,"[40 70 60 115 75 120 130 30 60 65 60 45 115 10 45 75 60 110 60 125]"
86,10,"[0 70 35 0 40 0 85 70 70 100 70 95 20 20 70 20 95 55 70 60]"
88,19,"[30 40 60 5 55 5 0 30 25 15 40 90 25 65 5 30 60 40 90 65]"
88,18,"[30 10 20 20 10 20 20 20 0 40 50 20 30 20 30 30 10 40 40 40]"
88,16,"[50 30 70 50 70 70 80 40 10 60 70 50 60 40 60 110 30 100 60 60]"
88,13,"[40 70 60 115 75 120 130 30 60 65 60 45 115 10 45 75 60 110 60 125]"
88,9,"[75 35 15 65 95 25 15 95 110 10 55 85 25 70 35 60 10 35 5 35]"
88,17,"[0 70 35 0 40 0 85 70 70 100 70 95 20 20 70 20 95 55 70 60]"
88,18,"[40 90 50 50 80 80 50 80 30 70 70 50 60 60 60 90 50 90 50 80]"
88,3,"[20 40 60 0 30 30 30 30 20 30 40 30 10 20 20 60 40 30 30 0]"
89,16,"[75 35 15 65 95 25 15 95 110 10 55 85 25 70 35 60 10 35 5 35]"
89,10,"[0 70 35 0 40 0 85 70 70 100 70 95 20 20 70 20 95 55 70 60]"
89,18,"[50 30 70 50 70 70 80 40 10 60 70 50 60 40 60 110 30 100 60 60]"
89,6,"[40 70 60 115 75 120 130 30 60 65 60 45 115 10 45 75 60 110 60 125]"
89,11,"[20 40 60 0 30 30 30 30 20 30 40 30 10 20 20 60 40 30 30 0]"
89,16,"[40 90 50 50 80 80 50 80 30 70 70 50 60 60 60 90 50 90 50 80]"
89,10,"[30 10 20 20 10 20 20 20 0 40 50 20 30 20 30 30 10 40 40 40]"
89,18,"[30 40 60 5 55 5 0 30 25 15 40 90 25 65 5 30 60 40 90 65]"
90,14,"[75 35 15 65 95 25 15 95 110 10 55 85 25 70 35 60 10 35 5 35]"
90,20,"[40 70 60 115 75 120 130 30 60 65 60 45 115 10 45 75 60 110 60 125]"
90,11,"[20 40 60 0 30 30 30 30 20 30 40 30 10 20 20 60 40 30 30 0]"
90,7,"[50 30 70 50 70 70 80 40 10 60 70 50 60 40 60 110 30 100 60 60]"
90,20,"[40 90 50 50 80 80 50 80 30 70 70 50 60 60 60 90 50 90 50 80]"
90,11,"[30 10 20 20 10 20 20 20 0 40 50 20 30 20 30 30 10 40 40 40]"
90,19,"[30 40 60 5 55 5 0 30 25 15 40 90 25 65 5 30 60 40 90 65]"
92,10,"[0 70 35 0 40 0 85 70 70 100 70 95 20 20 70 20 95 55 70 60]"
92,18,"[50 30 70 50 70 70 80 40 10 60 70 50 60 40 60 110 30 100 60 60]"
92,20,"[30 10 20 20 10 20 20 20 0 40 50 20 30 20 30 30 10 40 40 40]"
92,18,"[40 90 50 50 80 80 50 80 30 70 70 50 60 60 60 90 50 90 50 80]"
92,3,"[20 40 60 0 30 30 30 30 20 30 40 30 10 20 20 60 40 30 30 0]"
92,9,"[75 35 15 65 95 25 15 95 110 10 55 85 25 70 35 60 10 35 5 35]"
92,12,"[30 40 60 5 55 5 0 30 25 15 40 90 25 65 5 30 60 40 90 65]"
92,7,"[40 70 60 115 75 120 130 30 60 65 60 45 115 10 45 75 60 110 60 125]"
93,16,"[20 40 60 0 30 30 30 30 20 30 40 30 10 20 20 60 40 30 30 0]"
93,10,"[0 70 35 0 40 0 85 70 70 100 70 95 20 20 70 20 95 55 70 60]"
93,19,"[30 40 60 5 55 5 0 30 25 15 40 90 25 65 5 30 60 40 90 65]"
93,14,"[75 35 15 65 95 25 15 95 110 10 55 85 25 70 35 60 10 35 5 35]"
93,20,"[40 70 60 115 75 120 130 30 60 65 60 45 115 10 45 75 60 110 60 125]"
93,7,"[50 30 70 50 70 70 80 40 10 60 70 50 60 40 60 110 30 100 60 60]"
93,10,"[30 10 20 20 10 20 20 20 0 40 50 20 30 20 30 30 10 40 40 40]"
93,18,"[40 90 50 50 80 80 50 80 30 70 70 50 60 60 60 90 50 90 50 80]"
94,16,"[20 40 60 0 30 30 30 30 20 30 40 30 10 20 20 60 40 30 30 0]"
94,5,"[75 35 15 65 95 25 15 95 110 10 55 85 25 70 35 60 10 35 5 35]"
94,8,"[40 90 50 50 80 80 50 80 30 70 70 50 60 60 60 90 50 90 50 80]"
94,16,"[50 30 70 50 70 70 80 40 10 60 70 50 60 40 60 110 30 100 60 60]"
94,11,"[30 10 20 20 10 20 20 20 0 40 50 20 30 20 30 30 10 40 40 40]"
94,17,"[0 70 35 0 40 0 85 70 70 100 70 95 20 20 70 20 95 55 70 60]"
94,20,"[40 70 60 115 75 120 130 30 60 65 60 45 115 10 45 75 60 110 60 125]"
94,12,"[30 40 60 5 55 5 0 30 25 15 40 90 25 65 5 30 60 40 90 65]"
96,15,"[0 70 35 0 40 0 85 70 70 100 70 95 20 20 70 20 95 55 70 60]"
96,16,"[40 90 50 50 80 80 50 80 30 70 70 50 60 60 60 90 50 90 50 80]"
96,5,"[75 35 15 65 95 25 15 95 110 10 55 85 25 70 35 60 10 35 5 35]"
96,6,"[40 70 60 115 75 120 130 30 60 65 60 45 115 10 45 75 60 110 60 125]"
96,3,"[20 40 60 0 30 30 30 30 20 30 40 30 10 20 20 60 40 30 30 0]"
96,16,"[50 30 70 50 70 70 80 40 10 60 70 50 60 40 60 110 30 100 60 60]"
96,5,"[30 40 60 5 55 5 0 30 25 15 40 90 25 65 5 30 60 40 90 65]"
96,19,"[30 10 20 20 10 20 20 20 0 40 50 20 30 20 30 30 10 40 40 40]"
97,19,"[30 10 20 20 10 20 20 20 0 40 50 20 30 20 30 30 10 40 40 40]"
97,16,"[20 40 60 0 30 30 30 30 20 30 40 30 10 20 20 60 40 30 30 0]"
97,9,"[75 35 15 65 95 25 15 95 110 10 55 85 25 70 35 60 10 35 5 35]"
97,7,"[40 70 60 115 75 120 130 30 60 65 60 45 115 10 45 75 60 110 60 125]"
97,11,"[40 90 50 50 80 80 50 80 30 70 70 50 60 60 60 90 50 90 50 80]"
97,10,"[0 70 35 0 40 0 85 70 70 100 70 95 20 20 70 20 95 55 70 60]"
97,3,"[50 30 70 50 70 70 80 40 10 60 70 50 60 40 60 110 30 100 60 60]"
97,20,"[30 40 60 5 55 5 0 30 25 15 40 90 25 65 5 30 60 40 90 65]"
98,19,"[30 10 20 20 10 20 20 20 0 40 50 20 30 20 30 30 10 40 40 40]"
98,3,"[20 40 60 0 30 30 30 30 20 30 40 30 10 20 20 60 40 30 30 0]"
98,12,"[0 70 35 0 40 0 85 70 70 100 70 95 20 20 70 20 95 55 70 60]"
98,3,"[30 40 60 5 55 5 0 30 25 15 40 90 25 65 5 30 60 40 90 65]"
98,18,"[40 90 50 50 80 80 50 80 30 70 70 50 60 60 60 90 50 90 50 80]"
98,12,"[75 35 15 65 95 25 15 95 110 10 55 85 25 70 35 60 10 35 5 35]"
98,7,"[40 70 60 115 75 120 130 30 60 65 60 45 115 10 45 75 60 110 60 125]"
98,18,"[50 30 70 50 70 70 80 40 10 60 70 50 60 40 60 110 30 100 60 60]"
99,16,"[20 40 60 0 30 30 30 30 20 30 40 30 10 20 20 60 40 30 30 0]"
99,18,"[40 90 50 50 80 80 50 80 30 70 70 50 60 60 60 90 50 90 50 80]"
99,20,"[30 40 60 5 55 5 0 30 25 15 40 90 25 65 5 30 60 40 90 65]"
99,7,"[40 70 60 115 75 120 130 30 60 65 60 45 115 10 45 75 60 110 60 125]"
99,10,"[0 70 35 0 40 0 85 70 70 100 70 95 20 20 70 20 95 55 70 60]"
99,18,"[50 30 70 50 70 70 80 40 10 60 70 50 60 40 60 110 30 100 60 60]"
99,20,"[30 10 20 20 10 20 20 20 0 40 50 20 30 20 30 30 10 40 40 40]"
99,9,"[75 35 15 65 95 25 15 95 110 10 55 85 25 70 35 60 10 35 5 35]"
100,19,"[0 70 35 0 40 0 85 70 70 100 70 95 20 20 70 20 95 55 70 60]"
100,8,"[40 70 60 115 75 120 130 30 60 65 60 45 115 10 45 75 60 110 60 125]"
100,3,"[20 40 60 0 30 30 30 30 20 30 40 30 10 20 20 60 40 30 30 0]"
100,9,"[75 35 15 65 95 25 15 95 110 10 55 85 25 70 35 60 10 35 5 35]"
100,12,"[30 40 60 5 55 5 0 30 25 15 40 90 25 65 5 30 60 40 90 65]"
100,5,"[40 90 50 50 80 80 50 80 30 70 70 50 60 60 60 90 50 90 50 80]"
100,19,"[30 10 20 20 10 20 20 20 0 40 50 20 30 20 30 30 10 40 40 40]"
100,12,"[50 30 70 50 70 70 80 40 10 60 70 50 60 40 60 110 30 100 60 60]"
101,5,"[50 30 70 50 70 70 80 40 10 60 70 50 60 40 60 110 30 100 60 60]"
101,11,"[30 10 20 20 10 20 20 20 0 40 50 20 30 20 30 30 10 40 40 40]"
101,20,"[40 90 50 50 80 80 50 80 30 70 70 50 60 60 60 90 50 90 50 80]"
101,10,"[0 70 35 0 40 0 85 70 70 100 70 95 20 20 70 20 95 55 70 60]"
101,7,"[40 70 60 115 75 120 130 30 60 65 60 45 115 10 45 75 60 110 60 125]"
101,16,"[20 40 60 0 30 30 30 30 20 30 40 30 10 20 20 60 40 30 30 0]"
101,11,"[30 40 60 5 55 5 0 30 25 15 40 90 25 65 5 30 60 40 90 65]"
101,5,"[75 35 15 65 95 25 15 95 110 10 55 85 25 70 35 60 10 35 5 35]"
102,18,"[40 90 50 50 80 80 50 80 30 70 70 50 60 60 60 90 50 90 50 80]"
102,1,"[75 35 15 65 95 25 15 95 110 10 55 85 25 70 35 60 10 35 5 35]"
102,18,"[30 10 20 20 10 20 20 20 0 40 50 20 30 20 30 30 10 40 40 40]"
102,3,"[30 40 60 5 55 5 0 30 25 15 40 90 25 65 5 30 60 40 90 65]"
102,16,"[50 30 70 50 70 70 80 40 10 60 70 50 60 40 60 110 30 100 60 60]"
102,13,"[40 70 60 115 75 120 130 30 60 65 60 45 115 10 45 75 60 110 60 125]"
102,7,"[0 70 35 0 40 0 85 70 70 100 70 95 20 20 70 20 95 55 70 60]"
102,3,"[20 40 60 0 30 30 30 30 20 30 40 30 10 20 20 60 40 30 30 0]"
103,18,"[40 70 60 115 75 120 130 30 60 65 60 45 115 10 45 75 60 110 60 125]"
103,11,"[40 90 50 50 80 80 50 80 30 70 70 50 60 60 60 90 50 90 50 80]"
103,12,"[0 70 35 0 40 0 85 70 70 100 70 95 20 20 70 20 95 55 70 60]"
103,16,"[75 35 15 65 95 25 15 95 110 10 55 85 25 70 35 60 10 35 5 35]"
103,18,"[50 30 70 50 70 70 80 40 10 60 70 50 60 40 60 110 30 100 60 60]"
103,3,"[20 40 60 0 30 30 30 30 20 30 40 30 10 20 20 60 40 30 30 0]"
103,11,"[30 10 20 20 10 20 20 20 0 40 50 20 30 20 30 30 10 40 40 40]"
103,12,"[30 40 60 5 55 5 0 30 25 15 40 90 25 65 5 30 60 40 90 65]"
