2,4,"[25 10 65 35 55 35 5 110 60 15 85 25 70 75]"
2,9,"[10 40 0 40 40 0 30 20 60 30 30 30 20 20]"
2,4,"[60 30 50 30 70 60 60 10 110 80 50 70 40 50]"
2,4,"[60 50 50 90 70 80 50 30 90 50 50 80 60 40]"
2,3,"[115 60 115 70 60 125 60 60 75 130 45 120 10 40]"
2,13,"[25 60 5 40 40 65 90 25 30 0 90 5 65 30]"
2,7,"[20 95 0 70 70 60 70 70 20 85 95 0 20 0]"
4,4,"[25 10 65 35 55 35 5 110 60 15 85 25 70 75]"
4,5,"[30 10 20 10 50 40 40 0 30 20 20 20 20 30]"
4,11,"[20 95 0 70 70 60 70 70 20 85 95 0 20 0]"
4,4,"[60 50 50 90 70 80 50 30 90 50 50 80 60 40]"
4,6,"[115 60 115 70 60 125 60 60 75 130 45 120 10 40]"
4,7,"[60 30 50 30 70 60 60 10 110 80 50 70 40 50]"
4,5,"[10 40 0 40 40 0 30 20 60 30 30 30 20 20]"
4,4,"[25 60 5 40 40 65 90 25 30 0 90 5 65 30]"
5,10,"[20 95 0 70 70 60 70 70 20 85 95 0 20 0]"
5,6,"[115 60 115 70 60 125 60 60 75 130 45 120 10 40]"
5,9,"[10 40 0 40 40 0 30 20 60 30 30 30 20 20]"
5,10,"[60 30 50 30 70 60 60 10 110 80 50 70 40 50]"
5,6,"[60 50 50 90 70 80 50 30 90 50 50 80 60 40]"
5,7,"[30 10 20 10 50 40 40 0 30 20 20 20 20 30]"
5,13,"[25 60 5 40 40 65 90 25 30 0 90 5 65 30]"
6,4,"[60 50 50 90 70 80 50 30 90 50 50 80 60 40]"
6,3,"[115 60 115 70 60 125 60 60 75 130 45 120 10 40]"
6,6,"[25 60 5 40 40 65 90 25 30 0 90 5 65 30]"
6,11,"[20 95 0 70 70 60 70 70 20 85 95 0 20 0]"
6,5,"[30 10 20 10 50 40 40 0 30 20 20 20 20 30]"
6,12,"[60 30 50 30 70 60 60 10 110 80 50 70 40 50]"
6,9,"[10 40 0 40 40 0 30 20 60 30 30 30 20 20]"
6,3,"[25 10 65 35 55 35 5 110 60 15 85 25 70 75]"
7,11,"[25 10 65 35 55 35 5 110 60 15 85 25 70 75]"
7,7,"[25 60 5 40 40 65 90 25 30 0 90 5 65 30]"
7,4,"[60 50 50 90 70 80 50 30 90 50 50 80 60 40]"
7,5,"[60 30 50 30 70 60 60 10 110 80 50 70 40 50]"
7,14,"[30 10 20 10 50 40 40 0 30 20 20 20 20 30]"
7,10,"[115 60 115 70 60 125 60 60 75 130 45 120 10 40]"
7,5,"[10 40 0 40 40 0 30 20 60 30 30 30 20 20]"
8,5,"[25 10 65 35 55 35 5 110 60 15 85 25 70 75]"
8,10,"[20 95 0 70 70 60 70 70 20 85 95 0 20 0]"
8,4,"[60 50 50 90 70 80 50 30 90 50 50 80 60 40]"
8,5,"[25 60 5 40 40 65 90 25 30 0 90 5 65 30]"
8,6,"[115 60 115 70 60 125 60 60 75 130 45 120 10 40]"
8,7,"[30 10 20 10 50 40 40 0 30 20 20 20 20 30]"
8,9,"[60 30 50 30 70 60 60 10 110 80 50 70 40 50]"
9,5,"[30 10 20 10 50 40 40 0 30 20 20 20 20 30]"
9,10,"[60 30 50 30 70 60 60 10 110 80 50 70 40 50]"
9,4,"[10 40 0 40 40 0 30 20 60 30 30 30 20 20]"
9,5,"[60 50 50 90 70 80 50 30 90 50 50 80 60 40]"
9,13,"[25 10 65 35 55 35 5 110 60 15 85 25 70 75]"
9,2,"[20 95 0 70 70 60 70 70 20 85 95 0 20 0]"
9,1,"[115 60 115 70 60 125 60 60 75 130 45 120 10 40]"
9,5,"[25 60 5 40 40 65 90 25 30 0 90 5 65 30]"
11,5,"[25 10 65 35 55 35 5 110 60 15 85 25 70 75]"
11,4,"[10 40 0 40 40 0 30 20 60 30 30 30 20 20]"
11,7,"[20 95 0 70 70 60 70 70 20 85 95 0 20 0]"
11,1,"[115 60 115 70 60 125 60 60 75 130 45 120 10 40]"
11,9,"[60 50 50 90 70 80 50 30 90 50 50 80 60 40]"
11,10,"[60 30 50 30 70 60 60 10 110 80 50 70 40 50]"
11,13,"[25 60 5 40 40 65 90 25 30 0 90 5 65 30]"
11,1,"[30 10 20 10 50 40 40 0 30 20 20 20 20 30]"
12,7,"[30 10 20 10 50 40 40 0 30 20 20 20 20 30]"
12,9,"[10 40 0 40 40 0 30 20 60 30 30 30 20 20]"
12,12,"[115 60 115 70 60 125 60 60 75 130 45 120 10 40]"
12,1,"[25 60 5 40 40 65 90 25 30 0 90 5 65 30]"
12,5,"[60 30 50 30 70 60 60 10 110 80 50 70 40 50]"
12,6,"[60 50 50 90 70 80 50 30 90 50 50 80 60 40]"
12,6,"[25 10 65 35 55 35 5 110 60 15 85 25 70 75]"
12,4,"[20 95 0 70 70 60 70 70 20 85 95 0 20 0]"
13,10,"[20 95 0 70 70 60 70 70 20 85 95 0 20 0]"
13,9,"[60 30 50 30 70 60 60 10 110 80 50 70 40 50]"
13,14,"[25 60 5 40 40 65 90 25 30 0 90 5 65 30]"
13,10,"[115 60 115 70 60 125 60 60 75 130 45 120 10 40]"
13,5,"[30 10 20 10 50 40 40 0 30 20 20 20 20 30]"
13,5,"[25 10 65 35 55 35 5 110 60 15 85 25 70 75]"
13,9,"[10 40 0 40 40 0 30 20 60 30 30 30 20 20]"
14,1,"[115 60 115 70 60 125 60 60 75 130 45 120 10 40]"
14,7,"[30 10 20 10 50 40 40 0 30 20 20 20 20 30]"
14,11,"[25 60 5 40 40 65 90 25 30 0 90 5 65 30]"
14,7,"[60 30 50 30 70 60 60 10 110 80 50 70 40 50]"
14,11,"[20 95 0 70 70 60 70 70 20 85 95 0 20 0]"
14,1,"[60 50 50 90 70 80 50 30 90 50 50 80 60 40]"
14,8,"[25 10 65 35 55 35 5 110 60 15 85 25 70 75]"
15,6,"[25 60 5 40 40 65 90 25 30 0 90 5 65 30]"
15,9,"[60 30 50 30 70 60 60 10 110 80 50 70 40 50]"
15,9,"[60 50 50 90 70 80 50 30 90 50 50 80 60 40]"
15,9,"[10 40 0 40 40 0 30 20 60 30 30 30 20 20]"
15,10,"[115 60 115 70 60 125 60 60 75 130 45 120 10 40]"
15,7,"[30 10 20 10 50 40 40 0 30 20 20 20 20 30]"
15,1,"[25 10 65 35 55 35 5 110 60 15 85 25 70 75]"
15,8,"[20 95 0 70 70 60 70 70 20 85 95 0 20 0]"
16,9,"[10 40 0 40 40 0 30 20 60 30 30 30 20 20]"
16,11,"[20 95 0 70 70 60 70 70 20 85 95 0 20 0]"
16,12,"[115 60 115 70 60 125 60 60 75 130 45 120 10 40]"
16,4,"[60 50 50 90 70 80 50 30 90 50 50 80 60 40]"
16,7,"[30 10 20 10 50 40 40 0 30 20 20 20 20 30]"
16,9,"[60 30 50 30 70 60 60 10 110 80 50 70 40 50]"
16,7,"[25 10 65 35 55 35 5 110 60 15 85 25 70 75]"
16,11,"[25 60 5 40 40 65 90 25 30 0 90 5 65 30]"
17,9,"[10 40 0 40 40 0 30 20 60 30 30 30 20 20]"
17,11,"[25 10 65 35 55 35 5 110 60 15 85 25 70 75]"
17,7,"[60 50 50 90 70 80 50 30 90 50 50 80 60 40]"
17,2,"[20 95 0 70 70 60 70 70 20 85 95 0 20 0]"
17,10,"[115 60 115 70 60 125 60 60 75 130 45 120 10 40]"
17,7,"[60 30 50 30 70 60 60 10 110 80 50 70 40 50]"
17,6,"[30 10 20 10 50 40 40 0 30 20 20 20 20 30]"
18,4,"[25 10 65 35 55 35 5 110 60 15 85 25 70 75]"
18,7,"[20 95 0 70 70 60 70 70 20 85 95 0 20 0]"
18,12,"[60 50 50 90 70 80 50 30 90 50 50 80 60 40]"
18,6,"[30 10 20 10 50 40 40 0 30 20 20 20 20 30]"
18,7,"[60 30 50 30 70 60 60 10 110 80 50 70 40 50]"
18,5,"[10 40 0 40 40 0 30 20 60 30 30 30 20 20]"
18,12,"[115 60 115 70 60 125 60 60 75 130 45 120 10 40]"
18,5,"[25 60 5 40 40 65 90 25 30 0 90 5 65 30]"
20,6,"[25 60 5 40 40 65 90 25 30 0 90 5 65 30]"
20,4,"[60 50 50 90 70 80 50 30 90 50 50 80 60 40]"
20,2,"[20 95 0 70 70 60 70 70 20 85 95 0 20 0]"
20,9,"[10 40 0 40 40 0 30 20 60 30 30 30 20 20]"
20,10,"[60 30 50 30 70 60 60 10 110 80 50 70 40 50]"
20,6,"[115 60 115 70 60 125 60 60 75 130 45 120 10 40]"
21,2,"[25 10 65 35 55 35 5 110 60 15 85 25 70 75]"
21,8,"[10 40 0 40 40 0 30 20 60 30 30 30 20 20]"
21,5,"[30 10 20 10 50 40 40 0 30 20 20 20 20 30]"
21,9,"[60 30 50 30 70 60 60 10 110 80 50 70 40 50]"
21,5,"[25 60 5 40 40 65 90 25 30 0 90 5 65 30]"
21,11,"[20 95 0 70 70 60 70 70 20 85 95 0 20 0]"
21,3,"[115 60 115 70 60 125 60 60 75 130 45 120 10 40]"
22,13,"[25 10 65 35 55 35 5 110 60 15 85 25 70 75]"
22,11,"[20 95 0 70 70 60 70 70 20 85 95 0 20 0]"
22,1,"[115 60 115 70 60 125 60 60 75 130 45 120 10 40]"
22,7,"[60 30 50 30 70 60 60 10 110 80 50 70 40 50]"
22,13,"[25 60 5 40 40 65 90 25 30 0 90 5 65 30]"
22,4,"[10 40 0 40 40 0 30 20 60 30 30 30 20 20]"
22,7,"[60 50 50 90 70 80 50 30 90 50 50 80 60 40]"
22,6,"[30 10 20 10 50 40 40 0 30 20 20 20 20 30]"
23,6,"[20 95 0 70 70 60 70 70 20 85 95 0 20 0]"
23,6,"[30 10 20 10 50 40 40 0 30 20 20 20 20 30]"
23,13,"[25 60 5 40 40 65 90 25 30 0 90 5 65 30]"
23,12,"[25 10 65 35 55 35 5 110 60 15 85 25 70 75]"
23,6,"[115 60 115 70 60 125 60 60 75 130 45 120 10 40]"
23,4,"[60 50 50 90 70 80 50 30 90 50 50 80 60 40]"
23,6,"[60 30 50 30 70 60 60 10 110 80 50 70 40 50]"
23,4,"[10 40 0 40 40 0 30 20 60 30 30 30 20 20]"
25,9,"[25 60 5 40 40 65 90 25 30 0 90 5 65 30]"
25,14,"[30 10 20 10 50 40 40 0 30 20 20 20 20 30]"
25,1,"[115 60 115 70 60 125 60 60 75 130 45 120 10 40]"
25,11,"[20 95 0 70 70 60 70 70 20 85 95 0 20 0]"
25,11,"[60 50 50 90 70 80 50 30 90 50 50 80 60 40]"
25,9,"[10 40 0 40 40 0 30 20 60 30 30 30 20 20]"
25,14,"[25 10 65 35 55 35 5 110 60 15 85 25 70 75]"
28,14,"[115 60 115 70 60 125 60 60 75 130 45 120 10 40]"
28,7,"[10 40 0 40 40 0 30 20 60 30 30 30 20 20]"
28,2,"[20 95 0 70 70 60 70 70 20 85 95 0 20 0]"
28,14,"[25 10 65 35 55 35 5 110 60 15 85 25 70 75]"
28,7,"[25 60 5 40 40 65 90 25 30 0 90 5 65 30]"
28,9,"[60 30 50 30 70 60 60 10 110 80 50 70 40 50]"
28,9,"[60 50 50 90 70 80 50 30 90 50 50 80 60 40]"
29,7,"[30 10 20 10 50 40 40 0 30 20 20 20 20 30]"
29,4,"[60 50 50 90 70 80 50 30 90 50 50 80 60 40]"
29,8,"[25 10 65 35 55 35 5 110 60 15 85 25 70 75]"
29,11,"[20 95 0 70 70 60 70 70 20 85 95 0 20 0]"
29,10,"[115 60 115 70 60 125 60 60 75 130 45 120 10 40]"
29,7,"[25 60 5 40 40 65 90 25 30 0 90 5 65 30]"
29,5,"[10 40 0 40 40 0 30 20 60 30 30 30 20 20]"
29,11,"[60 30 50 30 70 60 60 10 110 80 50 70 40 50]"
30,4,"[60 50 50 90 70 80 50 30 90 50 50 80 60 40]"
30,7,"[20 95 0 70 70 60 70 70 20 85 95 0 20 0]"
30,3,"[60 30 50 30 70 60 60 10 110 80 50 70 40 50]"
30,9,"[10 40 0 40 40 0 30 20 60 30 30 30 20 20]"
30,5,"[25 10 65 35 55 35 5 110 60 15 85 25 70 75]"
30,13,"[25 60 5 40 40 65 90 25 30 0 90 5 65 30]"
30,6,"[115 60 115 70 60 125 60 60 75 130 45 120 10 40]"
30,5,"[30 10 20 10 50 40 40 0 30 20 20 20 20 30]"
31,11,"[25 60 5 40 40 65 90 25 30 0 90 5 65 30]"
31,13,"[25 10 65 35 55 35 5 110 60 15 85 25 70 75]"
31,9,"[10 40 0 40 40 0 30 20 60 30 30 30 20 20]"
31,7,"[30 10 20 10 50 40 40 0 30 20 20 20 20 30]"
31,9,"[60 30 50 30 70 60 60 10 110 80 50 70 40 50]"
31,4,"[20 95 0 70 70 60 70 70 20 85 95 0 20 0]"
31,10,"[115 60 115 70 60 125 60 60 75 130 45 120 10 40]"
31,1,"[60 50 50 90 70 80 50 30 90 50 50 80 60 40]"
32,7,"[60 30 50 30 70 60 60 10 110 80 50 70 40 50]"
32,9,"[60 50 50 90 70 80 50 30 90 50 50 80 60 40]"
32,1,"[115 60 115 70 60 125 60 60 75 130 45 120 10 40]"
32,5,"[25 10 65 35 55 35 5 110 60 15 85 25 70 75]"
32,11,"[20 95 0 70 70 60 70 70 20 85 95 0 20 0]"
32,3,"[30 10 20 10 50 40 40 0 30 20 20 20 20 30]"
33,1,"[115 60 115 70 60 125 60 60 75 130 45 120 10 40]"
33,11,"[25 60 5 40 40 65 90 25 30 0 90 5 65 30]"
33,10,"[60 30 50 30 70 60 60 10 110 80 50 70 40 50]"
33,14,"[25 10 65 35 55 35 5 110 60 15 85 25 70 75]"
33,7,"[10 40 0 40 40 0 30 20 60 30 30 30 20 20]"
33,2,"[20 95 0 70 70 60 70 70 20 85 95 0 20 0]"
33,7,"[60 50 50 90 70 80 50 30 90 50 50 80 60 40]"
34,9,"[60 30 50 30 70 60 60 10 110 80 50 70 40 50]"
34,1,"[115 60 115 70 60 125 60 60 75 130 45 120 10 40]"
34,9,"[60 50 50 90 70 80 50 30 90 50 50 80 60 40]"
34,11,"[10 40 0 40 40 0 30 20 60 30 30 30 20 20]"
34,14,"[30 10 20 10 50 40 40 0 30 20 20 20 20 30]"
34,1,"[25 60 5 40 40 65 90 25 30 0 90 5 65 30]"
34,11,"[20 95 0 70 70 60 70 70 20 85 95 0 20 0]"
34,9,"[25 10 65 35 55 35 5 110 60 15 85 25 70 75]"
35,9,"[10 40 0 40 40 0 30 20 60 30 30 30 20 20]"
35,12,"[25 60 5 40 40 65 90 25 30 0 90 5 65 30]"
35,9,"[60 30 50 30 70 60 60 10 110 80 50 70 40 50]"
35,12,"[115 60 115 70 60 125 60 60 75 130 45 120 10 40]"
35,8,"[20 95 0 70 70 60 70 70 20 85 95 0 20 0]"
35,5,"[25 10 65 35 55 35 5 110 60 15 85 25 70 75]"
35,9,"[60 50 50 90 70 80 50 30 90 50 50 80 60 40]"
35,7,"[30 10 20 10 50 40 40 0 30 20 20 20 20 30]"
36,3,"[115 60 115 70 60 125 60 60 75 130 45 120 10 40]"
36,11,"[25 60 5 40 40 65 90 25 30 0 90 5 65 30]"
36,11,"[60 30 50 30 70 60 60 10 110 80 50 70 40 50]"
36,11,"[20 95 0 70 70 60 70 70 20 85 95 0 20 0]"
36,7,"[10 40 0 40 40 0 30 20 60 30 30 30 20 20]"
36,6,"[30 10 20 10 50 40 40 0 30 20 20 20 20 30]"
36,9,"[60 50 50 90 70 80 50 30 90 50 50 80 60 40]"
37,4,"[60 50 50 90 70 80 50 30 90 50 50 80 60 40]"
37,6,"[115 60 115 70 60 125 60 60 75 130 45 120 10 40]"
37,2,"[20 95 0 70 70 60 70 70 20 85 95 0 20 0]"
37,9,"[10 40 0 40 40 0 30 20 60 30 30 30 20 20]"
37,11,"[25 60 5 40 40 65 90 25 30 0 90 5 65 30]"
37,10,"[60 30 50 30 70 60 60 10 110 80 50 70 40 50]"
37,11,"[25 10 65 35 55 35 5 110 60 15 85 25 70 75]"
38,4,"[60 50 50 90 70 80 50 30 90 50 50 80 60 40]"
38,9,"[20 95 0 70 70 60 70 70 20 85 95 0 20 0]"
38,4,"[25 10 65 35 55 35 5 110 60 15 85 25 70 75]"
38,9,"[60 30 50 30 70 60 60 10 110 80 50 70 40 50]"
38,5,"[10 40 0 40 40 0 30 20 60 30 30 30 20 20]"
38,9,"[25 60 5 40 40 65 90 25 30 0 90 5 65 30]"
38,14,"[30 10 20 10 50 40 40 0 30 20 20 20 20 30]"
38,6,"[115 60 115 70 60 125 60 60 75 130 45 120 10 40]"
39,9,"[25 60 5 40 40 65 90 25 30 0 90 5 65 30]"
39,7,"[30 10 20 10 50 40 40 0 30 20 20 20 20 30]"
39,10,"[20 95 0 70 70 60 70 70 20 85 95 0 20 0]"
39,8,"[25 10 65 35 55 35 5 110 60 15 85 25 70 75]"
39,9,"[10 40 0 40 40 0 30 20 60 30 30 30 20 20]"
39,4,"[60 30 50 30 70 60 60 10 110 80 50 70 40 50]"
39,11,"[60 50 50 90 70 80 50 30 90 50 50 80 60 40]"
42,10,"[115 60 115 70 60 125 60 60 75 130 45 120 10 40]"
42,9,"[10 40 0 40 40 0 30 20 60 30 30 30 20 20]"
42,12,"[60 50 50 90 70 80 50 30 90 50 50 80 60 40]"
42,7,"[25 60 5 40 40 65 90 25 30 0 90 5 65 30]"
42,2,"[20 95 0 70 70 60 70 70 20 85 95 0 20 0]"
42,8,"[25 10 65 35 55 35 5 110 60 15 85 25 70 75]"
42,9,"[60 30 50 30 70 60 60 10 110 80 50 70 40 50]"
42,5,"[30 10 20 10 50 40 40 0 30 20 20 20 20 30]"
44,9,"[60 30 50 30 70 60 60 10 110 80 50 70 40 50]"
44,9,"[60 50 50 90 70 80 50 30 90 50 50 80 60 40]"
44,11,"[25 10 65 35 55 35 5 110 60 15 85 25 70 75]"
44,11,"[25 60 5 40 40 65 90 25 30 0 90 5 65 30]"
44,5,"[10 40 0 40 40 0 30 20 60 30 30 30 20 20]"
44,11,"[20 95 0 70 70 60 70 70 20 85 95 0 20 0]"
45,11,"[20 95 0 70 70 60 70 70 20 85 95 0 20 0]"
45,6,"[60 50 50 90 70 80 50 30 90 50 50 80 60 40]"
45,5,"[10 40 0 40 40 0 30 20 60 30 30 30 20 20]"
45,7,"[25 60 5 40 40 65 90 25 30 0 90 5 65 30]"
45,11,"[115 60 115 70 60 125 60 60 75 130 45 120 10 40]"
45,6,"[30 10 20 10 50 40 40 0 30 20 20 20 20 30]"
45,3,"[25 10 65 35 55 35 5 110 60 15 85 25 70 75]"
47,9,"[60 50 50 90 70 80 50 30 90 50 50 80 60 40]"
47,6,"[60 30 50 30 70 60 60 10 110 80 50 70 40 50]"
47,10,"[25 10 65 35 55 35 5 110 60 15 85 25 70 75]"
47,9,"[10 40 0 40 40 0 30 20 60 30 30 30 20 20]"
47,2,"[20 95 0 70 70 60 70 70 20 85 95 0 20 0]"
47,3,"[25 60 5 40 40 65 90 25 30 0 90 5 65 30]"
49,6,"[60 30 50 30 70 60 60 10 110 80 50 70 40 50]"
49,10,"[25 10 65 35 55 35 5 110 60 15 85 25 70 75]"
49,7,"[20 95 0 70 70 60 70 70 20 85 95 0 20 0]"
49,11,"[25 60 5 40 40 65 90 25 30 0 90 5 65 30]"
49,12,"[115 60 115 70 60 125 60 60 75 130 45 120 10 40]"
49,4,"[10 40 0 40 40 0 30 20 60 30 30 30 20 20]"
52,8,"[10 40 0 40 40 0 30 20 60 30 30 30 20 20]"
52,1,"[30 10 20 10 50 40 40 0 30 20 20 20 20 30]"
52,1,"[115 60 115 70 60 125 60 60 75 130 45 120 10 40]"
52,7,"[60 50 50 90 70 80 50 30 90 50 50 80 60 40]"
52,7,"[25 60 5 40 40 65 90 25 30 0 90 5 65 30]"
52,8,"[25 10 65 35 55 35 5 110 60 15 85 25 70 75]"
52,7,"[60 30 50 30 70 60 60 10 110 80 50 70 40 50]"
55,9,"[25 10 65 35 55 35 5 110 60 15 85 25 70 75]"
55,12,"[25 60 5 40 40 65 90 25 30 0 90 5 65 30]"
55,4,"[10 40 0 40 40 0 30 20 60 30 30 30 20 20]"
55,4,"[60 50 50 90 70 80 50 30 90 50 50 80 60 40]"
55,10,"[30 10 20 10 50 40 40 0 30 20 20 20 20 30]"
55,3,"[60 30 50 30 70 60 60 10 110 80 50 70 40 50]"
55,2,"[20 95 0 70 70 60 70 70 20 85 95 0 20 0]"
56,12,"[115 60 115 70 60 125 60 60 75 130 45 120 10 40]"
56,9,"[60 50 50 90 70 80 50 30 90 50 50 80 60 40]"
56,1,"[25 60 5 40 40 65 90 25 30 0 90 5 65 30]"
56,4,"[10 40 0 40 40 0 30 20 60 30 30 30 20 20]"
56,7,"[30 10 20 10 50 40 40 0 30 20 20 20 20 30]"
56,12,"[60 30 50 30 70 60 60 10 110 80 50 70 40 50]"
56,8,"[25 10 65 35 55 35 5 110 60 15 85 25 70 75]"
56,8,"[20 95 0 70 70 60 70 70 20 85 95 0 20 0]"
57,11,"[60 30 50 30 70 60 60 10 110 80 50 70 40 50]"
57,7,"[25 60 5 40 40 65 90 25 30 0 90 5 65 30]"
57,4,"[60 50 50 90 70 80 50 30 90 50 50 80 60 40]"
57,6,"[30 10 20 10 50 40 40 0 30 20 20 20 20 30]"
57,4,"[20 95 0 70 70 60 70 70 20 85 95 0 20 0]"
57,9,"[10 40 0 40 40 0 30 20 60 30 30 30 20 20]"
57,13,"[25 10 65 35 55 35 5 110 60 15 85 25 70 75]"
57,12,"[115 60 115 70 60 125 60 60 75 130 45 120 10 40]"
59,5,"[10 40 0 40 40 0 30 20 60 30 30 30 20 20]"
59,6,"[30 10 20 10 50 40 40 0 30 20 20 20 20 30]"
59,6,"[115 60 115 70 60 125 60 60 75 130 45 120 10 40]"
59,5,"[25 60 5 40 40 65 90 25 30 0 90 5 65 30]"
59,7,"[20 95 0 70 70 60 70 70 20 85 95 0 20 0]"
59,7,"[60 30 50 30 70 60 60 10 110 80 50 70 40 50]"
60,10,"[60 30 50 30 70 60 60 10 110 80 50 70 40 50]"
60,2,"[20 95 0 70 70 60 70 70 20 85 95 0 20 0]"
60,3,"[115 60 115 70 60 125 60 60 75 130 45 120 10 40]"
60,6,"[30 10 20 10 50 40 40 0 30 20 20 20 20 30]"
60,2,"[25 60 5 40 40 65 90 25 30 0 90 5 65 30]"
60,5,"[10 40 0 40 40 0 30 20 60 30 30 30 20 20]"
60,3,"[25 10 65 35 55 35 5 110 60 15 85 25 70 75]"
60,4,"[60 50 50 90 70 80 50 30 90 50 50 80 60 40]"
61,1,"[25 10 65 35 55 35 5 110 60 15 85 25 70 75]"
61,1,"[60 30 50 30 70 60 60 10 110 80 50 70 40 50]"
61,4,"[60 50 50 90 70 80 50 30 90 50 50 80 60 40]"
61,2,"[30 10 20 10 50 40 40 0 30 20 20 20 20 30]"
61,4,"[20 95 0 70 70 60 70 70 20 85 95 0 20 0]"
61,1,"[115 60 115 70 60 125 60 60 75 130 45 120 10 40]"
61,2,"[25 60 5 40 40 65 90 25 30 0 90 5 65 30]"
61,13,"[10 40 0 40 40 0 30 20 60 30 30 30 20 20]"
62,10,"[10 40 0 40 40 0 30 20 60 30 30 30 20 20]"
62,10,"[115 60 115 70 60 125 60 60 75 130 45 120 10 40]"
62,6,"[25 60 5 40 40 65 90 25 30 0 90 5 65 30]"
62,11,"[60 30 50 30 70 60 60 10 110 80 50 70 40 50]"
62,7,"[60 50 50 90 70 80 50 30 90 50 50 80 60 40]"
62,9,"[25 10 65 35 55 35 5 110 60 15 85 25 70 75]"
62,14,"[30 10 20 10 50 40 40 0 30 20 20 20 20 30]"
62,2,"[20 95 0 70 70 60 70 70 20 85 95 0 20 0]"
65,9,"[25 10 65 35 55 35 5 110 60 15 85 25 70 75]"
65,1,"[115 60 115 70 60 125 60 60 75 130 45 120 10 40]"
65,9,"[60 30 50 30 70 60 60 10 110 80 50 70 40 50]"
65,13,"[25 60 5 40 40 65 90 25 30 0 90 5 65 30]"
65,9,"[60 50 50 90 70 80 50 30 90 50 50 80 60 40]"
65,3,"[30 10 20 10 50 40 40 0 30 20 20 20 20 30]"
65,1,"[20 95 0 70 70 60 70 70 20 85 95 0 20 0]"
65,9,"[10 40 0 40 40 0 30 20 60 30 30 30 20 20]"
66,10,"[20 95 0 70 70 60 70 70 20 85 95 0 20 0]"
66,9,"[10 40 0 40 40 0 30 20 60 30 30 30 20 20]"
66,14,"[25 10 65 35 55 35 5 110 60 15 85 25 70 75]"
66,5,"[60 30 50 30 70 60 60 10 110 80 50 70 40 50]"
66,10,"[115 60 115 70 60 125 60 60 75 130 45 120 10 40]"
66,6,"[30 10 20 10 50 40 40 0 30 20 20 20 20 30]"
66,7,"[25 60 5 40 40 65 90 25 30 0 90 5 65 30]"
67,6,"[115 60 115 70 60 125 60 60 75 130 45 120 10 40]"
67,4,"[25 10 65 35 55 35 5 110 60 15 85 25 70 75]"
67,7,"[25 60 5 40 40 65 90 25 30 0 90 5 65 30]"
67,7,"[60 30 50 30 70 60 60 10 110 80 50 70 40 50]"
67,4,"[60 50 50 90 70 80 50 30 90 50 50 80 60 40]"
67,11,"[20 95 0 70 70 60 70 70 20 85 95 0 20 0]"
67,12,"[10 40 0 40 40 0 30 20 60 30 30 30 20 20]"
68,3,"[115 60 115 70 60 125 60 60 75 130 45 120 10 40]"
68,11,"[25 10 65 35 55 35 5 110 60 15 85 25 70 75]"
68,7,"[60 30 50 30 70 60 60 10 110 80 50 70 40 50]"
68,11,"[30 10 20 10 50 40 40 0 30 20 20 20 20 30]"
68,6,"[20 95 0 70 70 60 70 70 20 85 95 0 20 0]"
68,3,"[60 50 50 90 70 80 50 30 90 50 50 80 60 40]"
68,13,"[25 60 5 40 40 65 90 25 30 0 90 5 65 30]"
68,7,"[10 40 0 40 40 0 30 20 60 30 30 30 20 20]"
72,5,"[25 60 5 40 40 65 90 25 30 0 90 5 65 30]"
72,7,"[60 50 50 90 70 80 50 30 90 50 50 80 60 40]"
72,1,"[60 30 50 30 70 60 60 10 110 80 50 70 40 50]"
72,4,"[20 95 0 70 70 60 70 70 20 85 95 0 20 0]"
72,13,"[25 10 65 35 55 35 5 110 60 15 85 25 70 75]"
72,5,"[30 10 20 10 50 40 40 0 30 20 20 20 20 30]"
72,9,"[10 40 0 40 40 0 30 20 60 30 30 30 20 20]"
72,12,"[115 60 115 70 60 125 60 60 75 130 45 120 10 40]"
73,4,"[25 10 65 35 55 35 5 110 60 15 85 25 70 75]"
73,13,"[25 60 5 40 40 65 90 25 30 0 90 5 65 30]"
73,5,"[60 50 50 90 70 80 50 30 90 50 50 80 60 40]"
73,6,"[115 60 115 70 60 125 60 60 75 130 45 120 10 40]"
73,5,"[30 10 20 10 50 40 40 0 30 20 20 20 20 30]"
73,4,"[20 95 0 70 70 60 70 70 20 85 95 0 20 0]"
73,9,"[60 30 50 30 70 60 60 10 110 80 50 70 40 50]"
73,5,"[10 40 0 40 40 0 30 20 60 30 30 30 20 20]"
74,7,"[30 10 20 10 50 40 40 0 30 20 20 20 20 30]"
74,10,"[60 30 50 30 70 60 60 10 110 80 50 70 40 50]"
74,6,"[25 60 5 40 40 65 90 25 30 0 90 5 65 30]"
74,2,"[10 40 0 40 40 0 30 20 60 30 30 30 20 20]"
74,14,"[25 10 65 35 55 35 5 110 60 15 85 25 70 75]"
74,12,"[60 50 50 90 70 80 50 30 90 50 50 80 60 40]"
74,4,"[20 95 0 70 70 60 70 70 20 85 95 0 20 0]"
75,11,"[30 10 20 10 50 40 40 0 30 20 20 20 20 30]"
75,1,"[25 10 65 35 55 35 5 110 60 15 85 25 70 75]"
75,2,"[25 60 5 40 40 65 90 25 30 0 90 5 65 30]"
75,3,"[115 60 115 70 60 125 60 60 75 130 45 120 10 40]"
75,11,"[20 95 0 70 70 60 70 70 20 85 95 0 20 0]"
75,3,"[60 50 50 90 70 80 50 30 90 50 50 80 60 40]"
75,5,"[10 40 0 40 40 0 30 20 60 30 30 30 20 20]"
75,14,"[60 30 50 30 70 60 60 10 110 80 50 70 40 50]"
76,9,"[25 10 65 35 55 35 5 110 60 15 85 25 70 75]"
76,8,"[10 40 0 40 40 0 30 20 60 30 30 30 20 20]"
76,6,"[25 60 5 40 40 65 90 25 30 0 90 5 65 30]"
76,10,"[115 60 115 70 60 125 60 60 75 130 45 120 10 40]"
76,9,"[60 50 50 90 70 80 50 30 90 50 50 80 60 40]"
76,10,"[60 30 50 30 70 60 60 10 110 80 50 70 40 50]"
76,11,"[20 95 0 70 70 60 70 70 20 85 95 0 20 0]"
77,3,"[115 60 115 70 60 125 60 60 75 130 45 120 10 40]"
77,5,"[25 10 65 35 55 35 5 110 60 15 85 25 70 75]"
77,9,"[10 40 0 40 40 0 30 20 60 30 30 30 20 20]"
77,2,"[20 95 0 70 70 60 70 70 20 85 95 0 20 0]"
77,4,"[60 50 50 90 70 80 50 30 90 50 50 80 60 40]"
77,13,"[25 60 5 40 40 65 90 25 30 0 90 5 65 30]"
78,6,"[60 30 50 30 70 60 60 10 110 80 50 70 40 50]"
78,12,"[10 40 0 40 40 0 30 20 60 30 30 30 20 20]"
78,1,"[60 50 50 90 70 80 50 30 90 50 50 80 60 40]"
78,7,"[30 10 20 10 50 40 40 0 30 20 20 20 20 30]"
78,12,"[115 60 115 70 60 125 60 60 75 130 45 120 10 40]"
78,7,"[25 10 65 35 55 35 5 110 60 15 85 25 70 75]"
78,6,"[20 95 0 70 70 60 70 70 20 85 95 0 20 0]"
79,4,"[25 10 65 35 55 35 5 110 60 15 85 25 70 75]"
79,1,"[20 95 0 70 70 60 70 70 20 85 95 0 20 0]"
79,12,"[25 60 5 40 40 65 90 25 30 0 90 5 65 30]"
79,10,"[115 60 115 70 60 125 60 60 75 130 45 120 10 40]"
79,4,"[60 50 50 90 70 80 50 30 90 50 50 80 60 40]"
79,11,"[60 30 50 30 70 60 60 10 110 80 50 70 40 50]"
79,5,"[30 10 20 10 50 40 40 0 30 20 20 20 20 30]"
79,2,"[10 40 0 40 40 0 30 20 60 30 30 30 20 20]"
81,9,"[10 40 0 40 40 0 30 20 60 30 30 30 20 20]"
81,4,"[60 50 50 90 70 80 50 30 90 50 50 80 60 40]"
81,11,"[20 95 0 70 70 60 70 70 20 85 95 0 20 0]"
81,7,"[25 60 5 40 40 65 90 25 30 0 90 5 65 30]"
81,14,"[60 30 50 30 70 60 60 10 110 80 50 70 40 50]"
81,11,"[30 10 20 10 50 40 40 0 30 20 20 20 20 30]"
81,1,"[115 60 115 70 60 125 60 60 75 130 45 120 10 40]"
81,8,"[25 10 65 35 55 35 5 110 60 15 85 25 70 75]"
82,8,"[115 60 115 70 60 125 60 60 75 130 45 120 10 40]"
82,7,"[60 30 50 30 70 60 60 10 110 80 50 70 40 50]"
82,5,"[10 40 0 40 40 0 30 20 60 30 30 30 20 20]"
82,4,"[60 50 50 90 70 80 50 30 90 50 50 80 60 40]"
82,11,"[25 10 65 35 55 35 5 110 60 15 85 25 70 75]"
82,7,"[30 10 20 10 50 40 40 0 30 20 20 20 20 30]"
82,11,"[20 95 0 70 70 60 70 70 20 85 95 0 20 0]"
82,1,"[25 60 5 40 40 65 90 25 30 0 90 5 65 30]"
83,14,"[30 10 20 10 50 40 40 0 30 20 20 20 20 30]"
83,6,"[115 60 115 70 60 125 60 60 75 130 45 120 10 40]"
83,9,"[60 50 50 90 70 80 50 30 90 50 50 80 60 40]"
83,5,"[10 40 0 40 40 0 30 20 60 30 30 30 20 20]"
83,3,"[60 30 50 30 70 60 60 10 110 80 50 70 40 50]"
83,11,"[25 60 5 40 40 65 90 25 30 0 90 5 65 30]"
83,8,"[25 10 65 35 55 35 5 110 60 15 85 25 70 75]"
83,4,"[20 95 0 70 70 60 70 70 20 85 95 0 20 0]"
84,10,"[25 10 65 35 55 35 5 110 60 15 85 25 70 75]"
84,4,"[20 95 0 70 70 60 70 70 20 85 95 0 20 0]"
84,12,"[60 50 50 90 70 80 50 30 90 50 50 80 60 40]"
84,5,"[25 60 5 40 40 65 90 25 30 0 90 5 65 30]"
84,7,"[30 10 20 10 50 40 40 0 30 20 20 20 20 30]"
84,12,"[115 60 115 70 60 125 60 60 75 130 45 120 10 40]"
84,1,"[60 30 50 30 70 60 60 10 110 80 50 70 40 50]"
84,4,"[10 40 0 40 40 0 30 20 60 30 30 30 20 20]"
87,9,"[10 40 0 40 40 0 30 20 60 30 30 30 20 20]"
87,4,"[25 10 65 35 55 35 5 110 60 15 85 25 70 75]"
87,9,"[25 60 5 40 40 65 90 25 30 0 90 5 65 30]"
87,7,"[30 10 20 10 50 40 40 0 30 20 20 20 20 30]"
87,10,"[115 60 115 70 60 125 60 60 75 130 45 120 10 40]"
87,4,"[60 50 50 90 70 80 50 30 90 50 50 80 60 40]"
87,10,"[20 95 0 70 70 60 70 70 20 85 95 0 20 0]"
87,4,"[60 30 50 30 70 60 60 10 110 80 50 70 40 50]"
89,7,"[25 10 65 35 55 35 5 110 60 15 85 25 70 75]"
89,2,"[20 95 0 70 70 60 70 70 20 85 95 0 20 0]"
89,7,"[60 30 50 30 70 60 60 10 110 80 50 70 40 50]"
89,9,"[10 40 0 40 40 0 30 20 60 30 30 30 20 20]"
89,12,"[60 50 50 90 70 80 50 30 90 50 50 80 60 40]"
89,7,"[30 10 20 10 50 40 40 0 30 20 20 20 20 30]"
89,2,"[25 60 5 40 40 65 90 25 30 0 90 5 65 30]"
89,1,"[115 60 115 70 60 125 60 60 75 130 45 120 10 40]"
90,10,"[60 30 50 30 70 60 60 10 110 80 50 70 40 50]"
90,5,"[30 10 20 10 50 40 40 0 30 20 20 20 20 30]"
90,9,"[10 40 0 40 40 0 30 20 60 30 30 30 20 20]"
90,10,"[60 50 50 90 70 80 50 30 90 50 50 80 60 40]"
90,4,"[25 60 5 40 40 65 90 25 30 0 90 5 65 30]"
90,8,"[115 60 115 70 60 125 60 60 75 130 45 120 10 40]"
90,11,"[20 95 0 70 70 60 70 70 20 85 95 0 20 0]"
91,10,"[115 60 115 70 60 125 60 60 75 130 45 120 10 40]"
91,3,"[25 10 65 35 55 35 5 110 60 15 85 25 70 75]"
91,5,"[25 60 5 40 40 65 90 25 30 0 90 5 65 30]"
91,7,"[60 30 50 30 70 60 60 10 110 80 50 70 40 50]"
91,5,"[20 95 0 70 70 60 70 70 20 85 95 0 20 0]"
91,9,"[10 40 0 40 40 0 30 20 60 30 30 30 20 20]"
91,7,"[30 10 20 10 50 40 40 0 30 20 20 20 20 30]"
91,9,"[60 50 50 90 70 80 50 30 90 50 50 80 60 40]"
92,9,"[60 50 50 90 70 80 50 30 90 50 50 80 60 40]"
92,1,"[115 60 115 70 60 125 60 60 75 130 45 120 10 40]"
92,5,"[10 40 0 40 40 0 30 20 60 30 30 30 20 20]"
92,2,"[25 60 5 40 40 65 90 25 30 0 90 5 65 30]"
92,11,"[25 10 65 35 55 35 5 110 60 15 85 25 70 75]"
92,13,"[20 95 0 70 70 60 70 70 20 85 95 0 20 0]"
92,10,"[60 30 50 30 70 60 60 10 110 80 50 70 40 50]"
92,7,"[30 10 20 10 50 40 40 0 30 20 20 20 20 30]"
93,6,"[25 60 5 40 40 65 90 25 30 0 90 5 65 30]"
93,7,"[60 30 50 30 70 60 60 10 110 80 50 70 40 50]"
93,6,"[25 10 65 35 55 35 5 110 60 15 85 25 70 75]"
93,5,"[30 10 20 10 50 40 40 0 30 20 20 20 20 30]"
93,5,"[10 40 0 40 40 0 30 20 60 30 30 30 20 20]"
93,9,"[115 60 115 70 60 125 60 60 75 130 45 120 10 40]"
93,4,"[60 50 50 90 70 80 50 30 90 50 50 80 60 40]"
95,9,"[10 40 0 40 40 0 30 20 60 30 30 30 20 20]"
95,5,"[60 50 50 90 70 80 50 30 90 50 50 80 60 40]"
95,9,"[25 10 65 35 55 35 5 110 60 15 85 25 70 75]"
95,5,"[30 10 20 10 50 40 40 0 30 20 20 20 20 30]"
95,8,"[25 60 5 40 40 65 90 25 30 0 90 5 65 30]"
96,1,"[60 30 50 30 70 60 60 10 110 80 50 70 40 50]"
96,4,"[10 40 0 40 40 0 30 20 60 30 30 30 20 20]"
96,11,"[30 10 20 10 50 40 40 0 30 20 20 20 20 30]"
96,9,"[25 10 65 35 55 35 5 110 60 15 85 25 70 75]"
96,14,"[20 95 0 70 70 60 70 70 20 85 95 0 20 0]"
96,12,"[115 60 115 70 60 125 60 60 75 130 45 120 10 40]"
96,12,"[25 60 5 40 40 65 90 25 30 0 90 5 65 30]"
96,4,"[60 50 50 90 70 80 50 30 90 50 50 80 60 40]"
98,4,"[60 50 50 90 70 80 50 30 90 50 50 80 60 40]"
98,8,"[60 30 50 30 70 60 60 10 110 80 50 70 40 50]"
98,8,"[20 95 0 70 70 60 70 70 20 85 95 0 20 0]"
98,11,"[30 10 20 10 50 40 40 0 30 20 20 20 20 30]"
98,5,"[115 60 115 70 60 125 60 60 75 130 45 120 10 40]"
98,7,"[25 60 5 40 40 65 90 25 30 0 90 5 65 30]"
98,14,"[25 10 65 35 55 35 5 110 60 15 85 25 70 75]"
101,6,"[30 10 20 10 50 40 40 0 30 20 20 20 20 30]"
101,9,"[60 30 50 30 70 60 60 10 110 80 50 70 40 50]"
101,11,"[20 95 0 70 70 60 70 70 20 85 95 0 20 0]"
101,11,"[25 60 5 40 40 65 90 25 30 0 90 5 65 30]"
101,4,"[60 50 50 90 70 80 50 30 90 50 50 80 60 40]"
101,4,"[115 60 115 70 60 125 60 60 75 130 45 120 10 40]"
101,2,"[10 40 0 40 40 0 30 20 60 30 30 30 20 20]"
105,9,"[60 50 50 90 70 80 50 30 90 50 50 80 60 40]"
105,9,"[10 40 0 40 40 0 30 20 60 30 30 30 20 20]"
105,11,"[60 30 50 30 70 60 60 10 110 80 50 70 40 50]"
105,9,"[25 10 65 35 55 35 5 110 60 15 85 25 70 75]"
105,10,"[115 60 115 70 60 125 60 60 75 130 45 120 10 40]"
105,8,"[20 95 0 70 70 60 70 70 20 85 95 0 20 0]"
105,13,"[25 60 5 40 40 65 90 25 30 0 90 5 65 30]"
106,10,"[10 40 0 40 40 0 30 20 60 30 30 30 20 20]"
106,14,"[30 10 20 10 50 40 40 0 30 20 20 20 20 30]"
106,1,"[25 10 65 35 55 35 5 110 60 15 85 25 70 75]"
106,10,"[60 30 50 30 70 60 60 10 110 80 50 70 40 50]"
106,4,"[60 50 50 90 70 80 50 30 90 50 50 80 60 40]"
106,1,"[115 60 115 70 60 125 60 60 75 130 45 120 10 40]"
106,9,"[25 60 5 40 40 65 90 25 30 0 90 5 65 30]"
106,10,"[20 95 0 70 70 60 70 70 20 85 95 0 20 0]"
107,4,"[10 40 0 40 40 0 30 20 60 30 30 30 20 20]"
107,3,"[115 60 115 70 60 125 60 60 75 130 45 120 10 40]"
107,4,"[25 10 65 35 55 35 5 110 60 15 85 25 70 75]"
107,7,"[20 95 0 70 70 60 70 70 20 85 95 0 20 0]"
107,14,"[30 10 20 10 50 40 40 0 30 20 20 20 20 30]"
107,4,"[60 50 50 90 70 80 50 30 90 50 50 80 60 40]"
107,14,"[60 30 50 30 70 60 60 10 110 80 50 70 40 50]"
108,9,"[60 50 50 90 70 80 50 30 90 50 50 80 60 40]"
108,11,"[20 95 0 70 70 60 70 70 20 85 95 0 20 0]"
108,12,"[25 10 65 35 55 35 5 110 60 15 85 25 70 75]"
108,1,"[115 60 115 70 60 125 60 60 75 130 45 120 10 40]"
108,7,"[60 30 50 30 70 60 60 10 110 80 50 70 40 50]"
108,5,"[25 60 5 40 40 65 90 25 30 0 90 5 65 30]"
108,2,"[10 40 0 40 40 0 30 20 60 30 30 30 20 20]"
108,3,"[30 10 20 10 50 40 40 0 30 20 20 20 20 30]"
110,14,"[25 10 65 35 55 35 5 110 60 15 85 25 70 75]"
110,7,"[25 60 5 40 40 65 90 25 30 0 90 5 65 30]"
110,9,"[60 50 50 90 70 80 50 30 90 50 50 80 60 40]"
110,9,"[10 40 0 40 40 0 30 20 60 30 30 30 20 20]"
110,11,"[30 10 20 10 50 40 40 0 30 20 20 20 20 30]"
110,11,"[20 95 0 70 70 60 70 70 20 85 95 0 20 0]"
110,12,"[60 30 50 30 70 60 60 10 110 80 50 70 40 50]"
113,4,"[60 50 50 90 70 80 50 30 90 50 50 80 60 40]"
113,7,"[25 60 5 40 40 65 90 25 30 0 90 5 65 30]"
113,1,"[115 60 115 70 60 125 60 60 75 130 45 120 10 40]"
113,7,"[10 40 0 40 40 0 30 20 60 30 30 30 20 20]"
113,14,"[60 30 50 30 70 60 60 10 110 80 50 70 40 50]"
113,11,"[25 10 65 35 55 35 5 110 60 15 85 25 70 75]"
113,7,"[30 10 20 10 50 40 40 0 30 20 20 20 20 30]"
113,11,"[20 95 0 70 70 60 70 70 20 85 95 0 20 0]"
114,10,"[20 95 0 70 70 60 70 70 20 85 95 0 20 0]"
114,7,"[30 10 20 10 50 40 40 0 30 20 20 20 20 30]"
114,5,"[25 60 5 40 40 65 90 25 30 0 90 5 65 30]"
114,12,"[115 60 115 70 60 125 60 60 75 130 45 120 10 40]"
114,7,"[25 10 65 35 55 35 5 110 60 15 85 25 70 75]"
114,10,"[60 50 50 90 70 80 50 30 90 50 50 80 60 40]"
114,9,"[60 30 50 30 70 60 60 10 110 80 50 70 40 50]"
114,10,"[10 40 0 40 40 0 30 20 60 30 30 30 20 20]"
116,14,"[25 60 5 40 40 65 90 25 30 0 90 5 65 30]"
116,10,"[20 95 0 70 70 60 70 70 20 85 95 0 20 0]"
116,10,"[10 40 0 40 40 0 30 20 60 30 30 30 20 20]"
116,12,"[25 10 65 35 55 35 5 110 60 15 85 25 70 75]"
116,9,"[60 30 50 30 70 60 60 10 110 80 50 70 40 50]"
116,10,"[115 60 115 70 60 125 60 60 75 130 45 120 10 40]"
116,1,"[60 50 50 90 70 80 50 30 90 50 50 80 60 40]"
116,1,"[30 10 20 10 50 40 40 0 30 20 20 20 20 30]"
120,14,"[30 10 20 10 50 40 40 0 30 20 20 20 20 30]"
120,9,"[60 50 50 90 70 80 50 30 90 50 50 80 60 40]"
120,9,"[10 40 0 40 40 0 30 20 60 30 30 30 20 20]"
120,11,"[20 95 0 70 70 60 70 70 20 85 95 0 20 0]"
120,10,"[60 30 50 30 70 60 60 10 110 80 50 70 40 50]"
120,11,"[25 10 65 35 55 35 5 110 60 15 85 25 70 75]"
120,3,"[115 60 115 70 60 125 60 60 75 130 45 120 10 40]"
121,5,"[60 30 50 30 70 60 60 10 110 80 50 70 40 50]"
121,4,"[20 95 0 70 70 60 70 70 20 85 95 0 20 0]"
121,5,"[30 10 20 10 50 40 40 0 30 20 20 20 20 30]"
121,3,"[115 60 115 70 60 125 60 60 75 130 45 120 10 40]"
121,5,"[60 50 50 90 70 80 50 30 90 50 50 80 60 40]"
121,3,"[25 10 65 35 55 35 5 110 60 15 85 25 70 75]"
121,4,"[10 40 0 40 40 0 30 20 60 30 30 30 20 20]"
121,11,"[25 60 5 40 40 65 90 25 30 0 90 5 65 30]"
122,4,"[115 60 115 70 60 125 60 60 75 130 45 120 10 40]"
122,11,"[30 10 20 10 50 40 40 0 30 20 20 20 20 30]"
122,1,"[25 10 65 35 55 35 5 110 60 15 85 25 70 75]"
122,4,"[25 60 5 40 40 65 90 25 30 0 90 5 65 30]"
122,11,"[20 95 0 70 70 60 70 70 20 85 95 0 20 0]"
122,7,"[10 40 0 40 40 0 30 20 60 30 30 30 20 20]"
122,5,"[60 30 50 30 70 60 60 10 110 80 50 70 40 50]"
122,4,"[60 50 50 90 70 80 50 30 90 50 50 80 60 40]"
124,2,"[20 95 0 70 70 60 70 70 20 85 95 0 20 0]"
124,1,"[30 10 20 10 50 40 40 0 30 20 20 20 20 30]"
124,2,"[60 50 50 90 70 80 50 30 90 50 50 80 60 40]"
124,12,"[10 40 0 40 40 0 30 20 60 30 30 30 20 20]"
124,3,"[25 10 65 35 55 35 5 110 60 15 85 25 70 75]"
124,12,"[60 30 50 30 70 60 60 10 110 80 50 70 40 50]"
124,1,"[115 60 115 70 60 125 60 60 75 130 45 120 10 40]"
124,7,"[25 60 5 40 40 65 90 25 30 0 90 5 65 30]"
125,12,"[60 30 50 30 70 60 60 10 110 80 50 70 40 50]"
125,12,"[25 10 65 35 55 35 5 110 60 15 85 25 70 75]"
125,8,"[10 40 0 40 40 0 30 20 60 30 30 30 20 20]"
125,10,"[20 95 0 70 70 60 70 70 20 85 95 0 20 0]"
125,7,"[25 60 5 40 40 65 90 25 30 0 90 5 65 30]"
125,9,"[60 50 50 90 70 80 50 30 90 50 50 80 60 40]"
125,13,"[30 10 20 10 50 40 40 0 30 20 20 20 20 30]"
125,6,"[115 60 115 70 60 125 60 60 75 130 45 120 10 40]"
126,9,"[60 30 50 30 70 60 60 10 110 80 50 70 40 50]"
126,3,"[25 10 65 35 55 35 5 110 60 15 85 25 70 75]"
126,2,"[20 95 0 70 70 60 70 70 20 85 95 0 20 0]"
126,7,"[25 60 5 40 40 65 90 25 30 0 90 5 65 30]"
126,12,"[115 60 115 70 60 125 60 60 75 130 45 120 10 40]"
126,9,"[60 50 50 90 70 80 50 30 90 50 50 80 60 40]"
126,5,"[30 10 20 10 50 40 40 0 30 20 20 20 20 30]"
126,9,"[10 40 0 40 40 0 30 20 60 30 30 30 20 20]"
127,6,"[25 60 5 40 40 65 90 25 30 0 90 5 65 30]"
127,2,"[20 95 0 70 70 60 70 70 20 85 95 0 20 0]"
127,10,"[60 30 50 30 70 60 60 10 110 80 50 70 40 50]"
127,6,"[30 10 20 10 50 40 40 0 30 20 20 20 20 30]"
127,9,"[10 40 0 40 40 0 30 20 60 30 30 30 20 20]"
127,1,"[60 50 50 90 70 80 50 30 90 50 50 80 60 40]"
127,10,"[115 60 115 70 60 125 60 60 75 130 45 120 10 40]"
128,11,"[20 95 0 70 70 60 70 70 20 85 95 0 20 0]"
128,10,"[60 30 50 30 70 60 60 10 110 80 50 70 40 50]"
128,9,"[10 40 0 40 40 0 30 20 60 30 30 30 20 20]"
128,4,"[60 50 50 90 70 80 50 30 90 50 50 80 60 40]"
128,8,"[25 10 65 35 55 35 5 110 60 15 85 25 70 75]"
128,5,"[30 10 20 10 50 40 40 0 30 20 20 20 20 30]"
128,7,"[25 60 5 40 40 65 90 25 30 0 90 5 65 30]"
128,10,"[115 60 115 70 60 125 60 60 75 130 45 120 10 40]"
129,11,"[25 60 5 40 40 65 90 25 30 0 90 5 65 30]"
129,9,"[25 10 65 35 55 35 5 110 60 15 85 25 70 75]"
129,5,"[30 10 20 10 50 40 40 0 30 20 20 20 20 30]"
129,12,"[60 30 50 30 70 60 60 10 110 80 50 70 40 50]"
129,5,"[10 40 0 40 40 0 30 20 60 30 30 30 20 20]"
129,10,"[20 95 0 70 70 60 70 70 20 85 95 0 20 0]"
129,5,"[60 50 50 90 70 80 50 30 90 50 50 80 60 40]"
132,6,"[25 60 5 40 40 65 90 25 30 0 90 5 65 30]"
132,6,"[60 50 50 90 70 80 50 30 90 50 50 80 60 40]"
132,6,"[115 60 115 70 60 125 60 60 75 130 45 120 10 40]"
132,10,"[10 40 0 40 40 0 30 20 60 30 30 30 20 20]"
132,14,"[30 10 20 10 50 40 40 0 30 20 20 20 20 30]"
132,14,"[25 10 65 35 55 35 5 110 60 15 85 25 70 75]"
132,6,"[60 30 50 30 70 60 60 10 110 80 50 70 40 50]"
133,5,"[25 60 5 40 40 65 90 25 30 0 90 5 65 30]"
133,9,"[25 10 65 35 55 35 5 110 60 15 85 25 70 75]"
133,10,"[60 30 50 30 70 60 60 10 110 80 50 70 40 50]"
133,13,"[60 50 50 90 70 80 50 30 90 50 50 80 60 40]"
133,12,"[115 60 115 70 60 125 60 60 75 130 45 120 10 40]"
133,5,"[10 40 0 40 40 0 30 20 60 30 30 30 20 20]"
133,9,"[30 10 20 10 50 40 40 0 30 20 20 20 20 30]"
134,3,"[25 10 65 35 55 35 5 110 60 15 85 25 70 75]"
134,5,"[10 40 0 40 40 0 30 20 60 30 30 30 20 20]"
134,5,"[20 95 0 70 70 60 70 70 20 85 95 0 20 0]"
134,1,"[115 60 115 70 60 125 60 60 75 130 45 120 10 40]"
134,9,"[60 50 50 90 70 80 50 30 90 50 50 80 60 40]"
134,11,"[25 60 5 40 40 65 90 25 30 0 90 5 65 30]"
134,5,"[30 10 20 10 50 40 40 0 30 20 20 20 20 30]"
134,11,"[60 30 50 30 70 60 60 10 110 80 50 70 40 50]"
135,6,"[115 60 115 70 60 125 60 60 75 130 45 120 10 40]"
135,5,"[10 40 0 40 40 0 30 20 60 30 30 30 20 20]"
135,12,"[60 30 50 30 70 60 60 10 110 80 50 70 40 50]"
135,4,"[60 50 50 90 70 80 50 30 90 50 50 80 60 40]"
135,1,"[25 10 65 35 55 35 5 110 60 15 85 25 70 75]"
135,7,"[20 95 0 70 70 60 70 70 20 85 95 0 20 0]"
135,5,"[30 10 20 10 50 40 40 0 30 20 20 20 20 30]"
135,6,"[25 60 5 40 40 65 90 25 30 0 90 5 65 30]"
137,4,"[60 50 50 90 70 80 50 30 90 50 50 80 60 40]"
137,6,"[25 10 65 35 55 35 5 110 60 15 85 25 70 75]"
137,2,"[20 95 0 70 70 60 70 70 20 85 95 0 20 0]"
137,14,"[30 10 20 10 50 40 40 0 30 20 20 20 20 30]"
137,11,"[25 60 5 40 40 65 90 25 30 0 90 5 65 30]"
137,14,"[60 30 50 30 70 60 60 10 110 80 50 70 40 50]"
137,7,"[10 40 0 40 40 0 30 20 60 30 30 30 20 20]"
138,11,"[20 95 0 70 70 60 70 70 20 85 95 0 20 0]"
138,3,"[60 50 50 90 70 80 50 30 90 50 50 80 60 40]"
138,10,"[115 60 115 70 60 125 60 60 75 130 45 120 10 40]"
138,13,"[30 10 20 10 50 40 40 0 30 20 20 20 20 30]"
138,11,"[25 10 65 35 55 35 5 110 60 15 85 25 70 75]"
138,5,"[60 30 50 30 70 60 60 10 110 80 50 70 40 50]"
138,9,"[10 40 0 40 40 0 30 20 60 30 30 30 20 20]"
138,7,"[25 60 5 40 40 65 90 25 30 0 90 5 65 30]"
139,3,"[60 50 50 90 70 80 50 30 90 50 50 80 60 40]"
139,10,"[115 60 115 70 60 125 60 60 75 130 45 120 10 40]"
139,9,"[25 60 5 40 40 65 90 25 30 0 90 5 65 30]"
139,9,"[10 40 0 40 40 0 30 20 60 30 30 30 20 20]"
139,1,"[60 30 50 30 70 60 60 10 110 80 50 70 40 50]"
139,7,"[30 10 20 10 50 40 40 0 30 20 20 20 20 30]"
139,11,"[20 95 0 70 70 60 70 70 20 85 95 0 20 0]"
139,10,"[25 10 65 35 55 35 5 110 60 15 85 25 70 75]"
144,4,"[10 40 0 40 40 0 30 20 60 30 30 30 20 20]"
144,9,"[25 10 65 35 55 35 5 110 60 15 85 25 70 75]"
144,6,"[60 30 50 30 70 60 60 10 110 80 50 70 40 50]"
144,4,"[115 60 115 70 60 125 60 60 75 130 45 120 10 40]"
144,12,"[60 50 50 90 70 80 50 30 90 50 50 80 60 40]"
144,7,"[25 60 5 40 40 65 90 25 30 0 90 5 65 30]"
144,6,"[30 10 20 10 50 40 40 0 30 20 20 20 20 30]"
145,12,"[115 60 115 70 60 125 60 60 75 130 45 120 10 40]"
145,7,"[25 60 5 40 40 65 90 25 30 0 90 5 65 30]"
145,8,"[25 10 65 35 55 35 5 110 60 15 85 25 70 75]"
145,11,"[20 95 0 70 70 60 70 70 20 85 95 0 20 0]"
145,7,"[30 10 20 10 50 40 40 0 30 20 20 20 20 30]"
145,12,"[60 30 50 30 70 60 60 10 110 80 50 70 40 50]"
145,12,"[60 50 50 90 70 80 50 30 90 50 50 80 60 40]"
149,14,"[25 10 65 35 55 35 5 110 60 15 85 25 70 75]"
149,5,"[25 60 5 40 40 65 90 25 30 0 90 5 65 30]"
149,14,"[30 10 20 10 50 40 40 0 30 20 20 20 20 30]"
149,9,"[10 40 0 40 40 0 30 20 60 30 30 30 20 20]"
149,2,"[20 95 0 70 70 60 70 70 20 85 95 0 20 0]"
149,9,"[60 30 50 30 70 60 60 10 110 80 50 70 40 50]"
149,5,"[60 50 50 90 70 80 50 30 90 50 50 80 60 40]"
149,10,"[115 60 115 70 60 125 60 60 75 130 45 120 10 40]"
152,4,"[60 50 50 90 70 80 50 30 90 50 50 80 60 40]"
152,14,"[30 10 20 10 50 40 40 0 30 20 20 20 20 30]"
152,4,"[60 30 50 30 70 60 60 10 110 80 50 70 40 50]"
152,5,"[25 10 65 35 55 35 5 110 60 15 85 25 70 75]"
152,10,"[115 60 115 70 60 125 60 60 75 130 45 120 10 40]"
152,7,"[10 40 0 40 40 0 30 20 60 30 30 30 20 20]"
153,2,"[10 40 0 40 40 0 30 20 60 30 30 30 20 20]"
153,14,"[25 60 5 40 40 65 90 25 30 0 90 5 65 30]"
153,5,"[60 30 50 30 70 60 60 10 110 80 50 70 40 50]"
153,2,"[20 95 0 70 70 60 70 70 20 85 95 0 20 0]"
153,4,"[60 50 50 90 70 80 50 30 90 50 50 80 60 40]"
153,10,"[25 10 65 35 55 35 5 110 60 15 85 25 70 75]"
153,7,"[30 10 20 10 50 40 40 0 30 20 20 20 20 30]"
153,3,"[115 60 115 70 60 125 60 60 75 130 45 120 10 40]"
157,4,"[60 50 50 90 70 80 50 30 90 50 50 80 60 40]"
157,9,"[60 30 50 30 70 60 60 10 110 80 50 70 40 50]"
157,5,"[30 10 20 10 50 40 40 0 30 20 20 20 20 30]"
157,9,"[25 10 65 35 55 35 5 110 60 15 85 25 70 75]"
157,14,"[25 60 5 40 40 65 90 25 30 0 90 5 65 30]"
157,9,"[10 40 0 40 40 0 30 20 60 30 30 30 20 20]"
157,11,"[20 95 0 70 70 60 70 70 20 85 95 0 20 0]"
158,9,"[60 50 50 90 70 80 50 30 90 50 50 80 60 40]"
158,10,"[10 40 0 40 40 0 30 20 60 30 30 30 20 20]"
158,6,"[25 60 5 40 40 65 90 25 30 0 90 5 65 30]"
158,14,"[25 10 65 35 55 35 5 110 60 15 85 25 70 75]"
158,7,"[30 10 20 10 50 40 40 0 30 20 20 20 20 30]"
158,2,"[20 95 0 70 70 60 70 70 20 85 95 0 20 0]"
158,1,"[115 60 115 70 60 125 60 60 75 130 45 120 10 40]"
158,7,"[60 30 50 30 70 60 60 10 110 80 50 70 40 50]"
159,5,"[115 60 115 70 60 125 60 60 75 130 45 120 10 40]"
159,10,"[30 10 20 10 50 40 40 0 30 20 20 20 20 30]"
159,10,"[60 30 50 30 70 60 60 10 110 80 50 70 40 50]"
159,4,"[25 60 5 40 40 65 90 25 30 0 90 5 65 30]"
159,1,"[60 50 50 90 70 80 50 30 90 50 50 80 60 40]"
159,9,"[10 40 0 40 40 0 30 20 60 30 30 30 20 20]"
159,10,"[20 95 0 70 70 60 70 70 20 85 95 0 20 0]"
159,8,"[25 10 65 35 55 35 5 110 60 15 85 25 70 75]"
163,7,"[30 10 20 10 50 40 40 0 30 20 20 20 20 30]"
163,13,"[25 10 65 35 55 35 5 110 60 15 85 25 70 75]"
163,9,"[10 40 0 40 40 0 30 20 60 30 30 30 20 20]"
163,4,"[25 60 5 40 40 65 90 25 30 0 90 5 65 30]"
163,9,"[115 60 115 70 60 125 60 60 75 130 45 120 10 40]"
163,7,"[60 30 50 30 70 60 60 10 110 80 50 70 40 50]"
163,10,"[20 95 0 70 70 60 70 70 20 85 95 0 20 0]"
163,10,"[60 50 50 90 70 80 50 30 90 50 50 80 60 40]"
164,9,"[60 30 50 30 70 60 60 10 110 80 50 70 40 50]"
164,1,"[115 60 115 70 60 125 60 60 75 130 45 120 10 40]"
164,11,"[25 10 65 35 55 35 5 110 60 15 85 25 70 75]"
164,7,"[30 10 20 10 50 40 40 0 30 20 20 20 20 30]"
164,11,"[60 50 50 90 70 80 50 30 90 50 50 80 60 40]"
164,10,"[20 95 0 70 70 60 70 70 20 85 95 0 20 0]"
164,7,"[25 60 5 40 40 65 90 25 30 0 90 5 65 30]"
164,9,"[10 40 0 40 40 0 30 20 60 30 30 30 20 20]"
166,6,"[60 30 50 30 70 60 60 10 110 80 50 70 40 50]"
166,9,"[10 40 0 40 40 0 30 20 60 30 30 30 20 20]"
166,1,"[20 95 0 70 70 60 70 70 20 85 95 0 20 0]"
166,13,"[25 60 5 40 40 65 90 25 30 0 90 5 65 30]"
166,7,"[30 10 20 10 50 40 40 0 30 20 20 20 20 30]"
166,9,"[60 50 50 90 70 80 50 30 90 50 50 80 60 40]"
166,6,"[25 10 65 35 55 35 5 110 60 15 85 25 70 75]"
167,5,"[30 10 20 10 50 40 40 0 30 20 20 20 20 30]"
167,14,"[25 10 65 35 55 35 5 110 60 15 85 25 70 75]"
167,4,"[10 40 0 40 40 0 30 20 60 30 30 30 20 20]"
167,10,"[20 95 0 70 70 60 70 70 20 85 95 0 20 0]"
167,7,"[60 30 50 30 70 60 60 10 110 80 50 70 40 50]"
167,4,"[60 50 50 90 70 80 50 30 90 50 50 80 60 40]"
167,10,"[115 60 115 70 60 125 60 60 75 130 45 120 10 40]"
167,7,"[25 60 5 40 40 65 90 25 30 0 90 5 65 30]"
168,7,"[60 30 50 30 70 60 60 10 110 80 50 70 40 50]"
168,2,"[10 40 0 40 40 0 30 20 60 30 30 30 20 20]"
168,9,"[60 50 50 90 70 80 50 30 90 50 50 80 60 40]"
168,12,"[115 60 115 70 60 125 60 60 75 130 45 120 10 40]"
168,7,"[30 10 20 10 50 40 40 0 30 20 20 20 20 30]"
168,8,"[20 95 0 70 70 60 70 70 20 85 95 0 20 0]"
168,7,"[25 60 5 40 40 65 90 25 30 0 90 5 65 30]"
168,8,"[25 10 65 35 55 35 5 110 60 15 85 25 70 75]"
169,7,"[10 40 0 40 40 0 30 20 60 30 30 30 20 20]"
169,7,"[25 60 5 40 40 65 90 25 30 0 90 5 65 30]"
169,7,"[60 30 50 30 70 60 60 10 110 80 50 70 40 50]"
169,10,"[115 60 115 70 60 125 60 60 75 130 45 120 10 40]"
169,5,"[25 10 65 35 55 35 5 110 60 15 85 25 70 75]"
169,12,"[60 50 50 90 70 80 50 30 90 50 50 80 60 40]"
169,7,"[30 10 20 10 50 40 40 0 30 20 20 20 20 30]"
170,9,"[60 30 50 30 70 60 60 10 110 80 50 70 40 50]"
170,4,"[10 40 0 40 40 0 30 20 60 30 30 30 20 20]"
170,11,"[20 95 0 70 70 60 70 70 20 85 95 0 20 0]"
170,5,"[30 10 20 10 50 40 40 0 30 20 20 20 20 30]"
170,13,"[25 10 65 35 55 35 5 110 60 15 85 25 70 75]"
170,12,"[115 60 115 70 60 125 60 60 75 130 45 120 10 40]"
170,11,"[60 50 50 90 70 80 50 30 90 50 50 80 60 40]"
171,7,"[25 10 65 35 55 35 5 110 60 15 85 25 70 75]"
171,6,"[30 10 20 10 50 40 40 0 30 20 20 20 20 30]"
171,5,"[25 60 5 40 40 65 90 25 30 0 90 5 65 30]"
171,1,"[115 60 115 70 60 125 60 60 75 130 45 120 10 40]"
171,3,"[60 30 50 30 70 60 60 10 110 80 50 70 40 50]"
171,2,"[10 40 0 40 40 0 30 20 60 30 30 30 20 20]"
171,7,"[60 50 50 90 70 80 50 30 90 50 50 80 60 40]"
171,11,"[20 95 0 70 70 60 70 70 20 85 95 0 20 0]"
172,3,"[115 60 115 70 60 125 60 60 75 130 45 120 10 40]"
172,4,"[20 95 0 70 70 60 70 70 20 85 95 0 20 0]"
172,9,"[60 30 50 30 70 60 60 10 110 80 50 70 40 50]"
172,7,"[25 60 5 40 40 65 90 25 30 0 90 5 65 30]"
172,7,"[30 10 20 10 50 40 40 0 30 20 20 20 20 30]"
172,9,"[60 50 50 90 70 80 50 30 90 50 50 80 60 40]"
172,4,"[10 40 0 40 40 0 30 20 60 30 30 30 20 20]"
174,4,"[60 50 50 90 70 80 50 30 90 50 50 80 60 40]"
174,7,"[60 30 50 30 70 60 60 10 110 80 50 70 40 50]"
174,11,"[25 60 5 40 40 65 90 25 30 0 90 5 65 30]"
174,14,"[25 10 65 35 55 35 5 110 60 15 85 25 70 75]"
174,14,"[115 60 115 70 60 125 60 60 75 130 45 120 10 40]"
174,1,"[20 95 0 70 70 60 70 70 20 85 95 0 20 0]"
174,9,"[10 40 0 40 40 0 30 20 60 30 30 30 20 20]"
176,14,"[25 10 65 35 55 35 5 110 60 15 85 25 70 75]"
176,5,"[25 60 5 40 40 65 90 25 30 0 90 5 65 30]"
176,4,"[60 50 50 90 70 80 50 30 90 50 50 80 60 40]"
176,5,"[30 10 20 10 50 40 40 0 30 20 20 20 20 30]"
176,5,"[20 95 0 70 70 60 70 70 20 85 95 0 20 0]"
176,9,"[60 30 50 30 70 60 60 10 110 80 50 70 40 50]"
176,4,"[10 40 0 40 40 0 30 20 60 30 30 30 20 20]"
179,8,"[25 10 65 35 55 35 5 110 60 15 85 25 70 75]"
179,4,"[60 50 50 90 70 80 50 30 90 50 50 80 60 40]"
179,11,"[20 95 0 70 70 60 70 70 20 85 95 0 20 0]"
179,7,"[30 10 20 10 50 40 40 0 30 20 20 20 20 30]"
179,7,"[25 60 5 40 40 65 90 25 30 0 90 5 65 30]"
179,10,"[115 60 115 70 60 125 60 60 75 130 45 120 10 40]"
179,9,"[10 40 0 40 40 0 30 20 60 30 30 30 20 20]"
181,8,"[60 50 50 90 70 80 50 30 90 50 50 80 60 40]"
181,11,"[25 10 65 35 55 35 5 110 60 15 85 25 70 75]"
181,8,"[10 40 0 40 40 0 30 20 60 30 30 30 20 20]"
181,11,"[25 60 5 40 40 65 90 25 30 0 90 5 65 30]"
181,2,"[20 95 0 70 70 60 70 70 20 85 95 0 20 0]"
181,12,"[115 60 115 70 60 125 60 60 75 130 45 120 10 40]"
181,5,"[30 10 20 10 50 40 40 0 30 20 20 20 20 30]"
181,12,"[60 30 50 30 70 60 60 10 110 80 50 70 40 50]"
182,3,"[30 10 20 10 50 40 40 0 30 20 20 20 20 30]"
182,9,"[25 10 65 35 55 35 5 110 60 15 85 25 70 75]"
182,13,"[60 30 50 30 70 60 60 10 110 80 50 70 40 50]"
182,7,"[20 95 0 70 70 60 70 70 20 85 95 0 20 0]"
182,5,"[10 40 0 40 40 0 30 20 60 30 30 30 20 20]"
182,12,"[115 60 115 70 60 125 60 60 75 130 45 120 10 40]"
182,1,"[25 60 5 40 40 65 90 25 30 0 90 5 65 30]"
184,6,"[30 10 20 10 50 40 40 0 30 20 20 20 20 30]"
184,11,"[20 95 0 70 70 60 70 70 20 85 95 0 20 0]"
184,3,"[115 60 115 70 60 125 60 60 75 130 45 120 10 40]"
184,9,"[60 50 50 90 70 80 50 30 90 50 50 80 60 40]"
184,11,"[25 10 65 35 55 35 5 110 60 15 85 25 70 75]"
184,9,"[10 40 0 40 40 0 30 20 60 30 30 30 20 20]"
184,10,"[60 30 50 30 70 60 60 10 110 80 50 70 40 50]"
185,5,"[60 50 50 90 70 80 50 30 90 50 50 80 60 40]"
185,11,"[25 10 65 35 55 35 5 110 60 15 85 25 70 75]"
185,7,"[10 40 0 40 40 0 30 20 60 30 30 30 20 20]"
185,10,"[60 30 50 30 70 60 60 10 110 80 50 70 40 50]"
185,6,"[30 10 20 10 50 40 40 0 30 20 20 20 20 30]"
185,11,"[20 95 0 70 70 60 70 70 20 85 95 0 20 0]"
185,1,"[115 60 115 70 60 125 60 60 75 130 45 120 10 40]"
185,6,"[25 60 5 40 40 65 90 25 30 0 90 5 65 30]"
186,1,"[115 60 115 70 60 125 60 60 75 130 45 120 10 40]"
186,2,"[60 50 50 90 70 80 50 30 90 50 50 80 60 40]"
186,9,"[25 60 5 40 40 65 90 25 30 0 90 5 65 30]"
186,3,"[25 10 65 35 55 35 5 110 60 15 85 25 70 75]"
186,1,"[30 10 20 10 50 40 40 0 30 20 20 20 20 30]"
186,13,"[60 30 50 30 70 60 60 10 110 80 50 70 40 50]"
186,2,"[20 95 0 70 70 60 70 70 20 85 95 0 20 0]"
186,5,"[10 40 0 40 40 0 30 20 60 30 30 30 20 20]"
188,12,"[30 10 20 10 50 40 40 0 30 20 20 20 20 30]"
188,6,"[115 60 115 70 60 125 60 60 75 130 45 120 10 40]"
188,8,"[25 10 65 35 55 35 5 110 60 15 85 25 70 75]"
188,2,"[25 60 5 40 40 65 90 25 30 0 90 5 65 30]"
188,4,"[60 50 50 90 70 80 50 30 90 50 50 80 60 40]"
188,2,"[20 95 0 70 70 60 70 70 20 85 95 0 20 0]"
188,5,"[60 30 50 30 70 60 60 10 110 80 50 70 40 50]"
188,2,"[10 40 0 40 40 0 30 20 60 30 30 30 20 20]"
191,9,"[25 10 65 35 55 35 5 110 60 15 85 25 70 75]"
191,10,"[20 95 0 70 70 60 70 70 20 85 95 0 20 0]"
191,12,"[10 40 0 40 40 0 30 20 60 30 30 30 20 20]"
191,7,"[60 50 50 90 70 80 50 30 90 50 50 80 60 40]"
191,10,"[115 60 115 70 60 125 60 60 75 130 45 120 10 40]"
191,10,"[60 30 50 30 70 60 60 10 110 80 50 70 40 50]"
191,6,"[25 60 5 40 40 65 90 25 30 0 90 5 65 30]"
191,5,"[30 10 20 10 50 40 40 0 30 20 20 20 20 30]"
192,8,"[25 60 5 40 40 65 90 25 30 0 90 5 65 30]"
192,10,"[60 30 50 30 70 60 60 10 110 80 50 70 40 50]"
192,2,"[25 10 65 35 55 35 5 110 60 15 85 25 70 75]"
192,3,"[60 50 50 90 70 80 50 30 90 50 50 80 60 40]"
192,1,"[115 60 115 70 60 125 60 60 75 130 45 120 10 40]"
192,11,"[30 10 20 10 50 40 40 0 30 20 20 20 20 30]"
192,2,"[20 95 0 70 70 60 70 70 20 85 95 0 20 0]"
192,5,"[10 40 0 40 40 0 30 20 60 30 30 30 20 20]"
196,4,"[25 10 65 35 55 35 5 110 60 15 85 25 70 75]"
196,10,"[115 60 115 70 60 125 60 60 75 130 45 120 10 40]"
196,4,"[10 40 0 40 40 0 30 20 60 30 30 30 20 20]"
196,14,"[30 10 20 10 50 40 40 0 30 20 20 20 20 30]"
196,3,"[60 30 50 30 70 60 60 10 110 80 50 70 40 50]"
196,4,"[60 50 50 90 70 80 50 30 90 50 50 80 60 40]"
200,9,"[10 40 0 40 40 0 30 20 60 30 30 30 20 20]"
200,2,"[30 10 20 10 50 40 40 0 30 20 20 20 20 30]"
200,9,"[60 30 50 30 70 60 60 10 110 80 50 70 40 50]"
200,2,"[20 95 0 70 70 60 70 70 20 85 95 0 20 0]"
200,14,"[25 10 65 35 55 35 5 110 60 15 85 25 70 75]"
200,9,"[60 50 50 90 70 80 50 30 90 50 50 80 60 40]"
201,11,"[25 60 5 40 40 65 90 25 30 0 90 5 65 30]"
201,10,"[25 10 65 35 55 35 5 110 60 15 85 25 70 75]"
201,10,"[60 30 50 30 70 60 60 10 110 80 50 70 40 50]"
201,11,"[10 40 0 40 40 0 30 20 60 30 30 30 20 20]"
201,10,"[30 10 20 10 50 40 40 0 30 20 20 20 20 30]"
201,10,"[115 60 115 70 60 125 60 60 75 130 45 120 10 40]"
203,3,"[60 30 50 30 70 60 60 10 110 80 50 70 40 50]"
203,6,"[25 10 65 35 55 35 5 110 60 15 85 25 70 75]"
203,13,"[25 60 5 40 40 65 90 25 30 0 90 5 65 30]"
203,8,"[20 95 0 70 70 60 70 70 20 85 95 0 20 0]"
203,12,"[115 60 115 70 60 125 60 60 75 130 45 120 10 40]"
203,5,"[60 50 50 90 70 80 50 30 90 50 50 80 60 40]"
203,9,"[10 40 0 40 40 0 30 20 60 30 30 30 20 20]"
203,5,"[30 10 20 10 50 40 40 0 30 20 20 20 20 30]"
206,9,"[60 50 50 90 70 80 50 30 90 50 50 80 60 40]"
206,7,"[60 30 50 30 70 60 60 10 110 80 50 70 40 50]"
206,11,"[25 10 65 35 55 35 5 110 60 15 85 25 70 75]"
206,13,"[25 60 5 40 40 65 90 25 30 0 90 5 65 30]"
206,7,"[30 10 20 10 50 40 40 0 30 20 20 20 20 30]"
206,1,"[115 60 115 70 60 125 60 60 75 130 45 120 10 40]"
206,13,"[20 95 0 70 70 60 70 70 20 85 95 0 20 0]"
207,5,"[20 95 0 70 70 60 70 70 20 85 95 0 20 0]"
207,4,"[60 50 50 90 70 80 50 30 90 50 50 80 60 40]"
207,6,"[25 10 65 35 55 35 5 110 60 15 85 25 70 75]"
207,6,"[115 60 115 70 60 125 60 60 75 130 45 120 10 40]"
207,5,"[25 60 5 40 40 65 90 25 30 0 90 5 65 30]"
207,7,"[30 10 20 10 50 40 40 0 30 20 20 20 20 30]"
207,7,"[60 30 50 30 70 60 60 10 110 80 50 70 40 50]"
207,5,"[10 40 0 40 40 0 30 20 60 30 30 30 20 20]"
208,10,"[60 30 50 30 70 60 60 10 110 80 50 70 40 50]"
208,10,"[115 60 115 70 60 125 60 60 75 130 45 120 10 40]"
208,9,"[60 50 50 90 70 80 50 30 90 50 50 80 60 40]"
208,6,"[25 60 5 40 40 65 90 25 30 0 90 5 65 30]"
208,11,"[30 10 20 10 50 40 40 0 30 20 20 20 20 30]"
208,5,"[10 40 0 40 40 0 30 20 60 30 30 30 20 20]"
210,5,"[25 60 5 40 40 65 90 25 30 0 90 5 65 30]"
210,10,"[115 60 115 70 60 125 60 60 75 130 45 120 10 40]"
210,9,"[60 50 50 90 70 80 50 30 90 50 50 80 60 40]"
210,2,"[20 95 0 70 70 60 70 70 20 85 95 0 20 0]"
210,5,"[30 10 20 10 50 40 40 0 30 20 20 20 20 30]"
210,9,"[10 40 0 40 40 0 30 20 60 30 30 30 20 20]"
210,8,"[25 10 65 35 55 35 5 110 60 15 85 25 70 75]"
210,9,"[60 30 50 30 70 60 60 10 110 80 50 70 40 50]"
211,9,"[10 40 0 40 40 0 30 20 60 30 30 30 20 20]"
211,3,"[115 60 115 70 60 125 60 60 75 130 45 120 10 40]"
211,4,"[60 50 50 90 70 80 50 30 90 50 50 80 60 40]"
211,7,"[30 10 20 10 50 40 40 0 30 20 20 20 20 30]"
211,13,"[20 95 0 70 70 60 70 70 20 85 95 0 20 0]"
211,9,"[60 30 50 30 70 60 60 10 110 80 50 70 40 50]"
211,4,"[25 10 65 35 55 35 5 110 60 15 85 25 70 75]"
211,7,"[25 60 5 40 40 65 90 25 30 0 90 5 65 30]"
212,12,"[115 60 115 70 60 125 60 60 75 130 45 120 10 40]"
212,11,"[10 40 0 40 40 0 30 20 60 30 30 30 20 20]"
212,2,"[25 60 5 40 40 65 90 25 30 0 90 5 65 30]"
212,7,"[30 10 20 10 50 40 40 0 30 20 20 20 20 30]"
212,11,"[25 10 65 35 55 35 5 110 60 15 85 25 70 75]"
212,9,"[60 30 50 30 70 60 60 10 110 80 50 70 40 50]"
212,2,"[20 95 0 70 70 60 70 70 20 85 95 0 20 0]"
212,4,"[60 50 50 90 70 80 50 30 90 50 50 80 60 40]"
213,4,"[25 60 5 40 40 65 90 25 30 0 90 5 65 30]"
213,9,"[10 40 0 40 40 0 30 20 60 30 30 30 20 20]"
213,10,"[20 95 0 70 70 60 70 70 20 85 95 0 20 0]"
213,4,"[25 10 65 35 55 35 5 110 60 15 85 25 70 75]"
213,10,"[60 50 50 90 70 80 50 30 90 50 50 80 60 40]"
213,7,"[60 30 50 30 70 60 60 10 110 80 50 70 40 50]"
213,10,"[30 10 20 10 50 40 40 0 30 20 20 20 20 30]"
213,1,"[115 60 115 70 60 125 60 60 75 130 45 120 10 40]"
214,7,"[60 50 50 90 70 80 50 30 90 50 50 80 60 40]"
214,7,"[30 10 20 10 50 40 40 0 30 20 20 20 20 30]"
214,10,"[60 30 50 30 70 60 60 10 110 80 50 70 40 50]"
214,11,"[25 10 65 35 55 35 5 110 60 15 85 25 70 75]"
214,6,"[115 60 115 70 60 125 60 60 75 130 45 120 10 40]"
214,9,"[10 40 0 40 40 0 30 20 60 30 30 30 20 20]"
215,7,"[10 40 0 40 40 0 30 20 60 30 30 30 20 20]"
215,3,"[25 10 65 35 55 35 5 110 60 15 85 25 70 75]"
215,7,"[25 60 5 40 40 65 90 25 30 0 90 5 65 30]"
215,11,"[20 95 0 70 70 60 70 70 20 85 95 0 20 0]"
215,4,"[60 50 50 90 70 80 50 30 90 50 50 80 60 40]"
215,7,"[30 10 20 10 50 40 40 0 30 20 20 20 20 30]"
215,1,"[115 60 115 70 60 125 60 60 75 130 45 120 10 40]"
215,7,"[60 30 50 30 70 60 60 10 110 80 50 70 40 50]"
216,6,"[25 10 65 35 55 35 5 110 60 15 85 25 70 75]"
216,13,"[25 60 5 40 40 65 90 25 30 0 90 5 65 30]"
216,11,"[30 10 20 10 50 40 40 0 30 20 20 20 20 30]"
216,5,"[60 50 50 90 70 80 50 30 90 50 50 80 60 40]"
216,2,"[20 95 0 70 70 60 70 70 20 85 95 0 20 0]"
216,10,"[115 60 115 70 60 125 60 60 75 130 45 120 10 40]"
216,9,"[60 30 50 30 70 60 60 10 110 80 50 70 40 50]"
216,5,"[10 40 0 40 40 0 30 20 60 30 30 30 20 20]"
217,13,"[10 40 0 40 40 0 30 20 60 30 30 30 20 20]"
217,9,"[60 30 50 30 70 60 60 10 110 80 50 70 40 50]"
217,11,"[20 95 0 70 70 60 70 70 20 85 95 0 20 0]"
217,3,"[30 10 20 10 50 40 40 0 30 20 20 20 20 30]"
217,10,"[60 50 50 90 70 80 50 30 90 50 50 80 60 40]"
217,11,"[25 60 5 40 40 65 90 25 30 0 90 5 65 30]"
217,10,"[115 60 115 70 60 125 60 60 75 130 45 120 10 40]"
217,12,"[25 10 65 35 55 35 5 110 60 15 85 25 70 75]"
219,9,"[10 40 0 40 40 0 30 20 60 30 30 30 20 20]"
219,5,"[30 10 20 10 50 40 40 0 30 20 20 20 20 30]"
219,4,"[60 50 50 90 70 80 50 30 90 50 50 80 60 40]"
219,9,"[115 60 115 70 60 125 60 60 75 130 45 120 10 40]"
219,8,"[25 10 65 35 55 35 5 110 60 15 85 25 70 75]"
219,4,"[20 95 0 70 70 60 70 70 20 85 95 0 20 0]"
219,7,"[25 60 5 40 40 65 90 25 30 0 90 5 65 30]"
219,10,"[60 30 50 30 70 60 60 10 110 80 50 70 40 50]"
220,12,"[60 50 50 90 70 80 50 30 90 50 50 80 60 40]"
220,7,"[30 10 20 10 50 40 40 0 30 20 20 20 20 30]"
220,9,"[10 40 0 40 40 0 30 20 60 30 30 30 20 20]"
220,4,"[60 30 50 30 70 60 60 10 110 80 50 70 40 50]"
220,7,"[25 60 5 40 40 65 90 25 30 0 90 5 65 30]"
220,11,"[20 95 0 70 70 60 70 70 20 85 95 0 20 0]"
220,12,"[25 10 65 35 55 35 5 110 60 15 85 25 70 75]"
221,9,"[25 60 5 40 40 65 90 25 30 0 90 5 65 30]"
221,10,"[115 60 115 70 60 125 60 60 75 130 45 120 10 40]"
221,9,"[60 30 50 30 70 60 60 10 110 80 50 70 40 50]"
221,11,"[20 95 0 70 70 60 70 70 20 85 95 0 20 0]"
221,5,"[25 10 65 35 55 35 5 110 60 15 85 25 70 75]"
221,1,"[30 10 20 10 50 40 40 0 30 20 20 20 20 30]"
221,9,"[10 40 0 40 40 0 30 20 60 30 30 30 20 20]"
221,5,"[60 50 50 90 70 80 50 30 90 50 50 80 60 40]"
222,9,"[60 50 50 90 70 80 50 30 90 50 50 80 60 40]"
222,14,"[60 30 50 30 70 60 60 10 110 80 50 70 40 50]"
222,9,"[115 60 115 70 60 125 60 60 75 130 45 120 10 40]"
222,14,"[25 10 65 35 55 35 5 110 60 15 85 25 70 75]"
222,9,"[20 95 0 70 70 60 70 70 20 85 95 0 20 0]"
222,9,"[10 40 0 40 40 0 30 20 60 30 30 30 20 20]"
222,14,"[25 60 5 40 40 65 90 25 30 0 90 5 65 30]"
223,12,"[60 30 50 30 70 60 60 10 110 80 50 70 40 50]"
223,9,"[25 60 5 40 40 65 90 25 30 0 90 5 65 30]"
223,5,"[30 10 20 10 50 40 40 0 30 20 20 20 20 30]"
223,9,"[10 40 0 40 40 0 30 20 60 30 30 30 20 20]"
223,1,"[25 10 65 35 55 35 5 110 60 15 85 25 70 75]"
223,4,"[60 50 50 90 70 80 50 30 90 50 50 80 60 40]"
223,1,"[115 60 115 70 60 125 60 60 75 130 45 120 10 40]"
225,5,"[30 10 20 10 50 40 40 0 30 20 20 20 20 30]"
225,14,"[25 10 65 35 55 35 5 110 60 15 85 25 70 75]"
225,6,"[25 60 5 40 40 65 90 25 30 0 90 5 65 30]"
225,10,"[60 30 50 30 70 60 60 10 110 80 50 70 40 50]"
225,7,"[10 40 0 40 40 0 30 20 60 30 30 30 20 20]"
225,10,"[115 60 115 70 60 125 60 60 75 130 45 120 10 40]"
225,5,"[60 50 50 90 70 80 50 30 90 50 50 80 60 40]"
225,11,"[20 95 0 70 70 60 70 70 20 85 95 0 20 0]"
226,9,"[60 30 50 30 70 60 60 10 110 80 50 70 40 50]"
226,5,"[10 40 0 40 40 0 30 20 60 30 30 30 20 20]"
226,4,"[30 10 20 10 50 40 40 0 30 20 20 20 20 30]"
226,9,"[60 50 50 90 70 80 50 30 90 50 50 80 60 40]"
226,5,"[25 10 65 35 55 35 5 110 60 15 85 25 70 75]"
226,4,"[25 60 5 40 40 65 90 25 30 0 90 5 65 30]"
226,6,"[20 95 0 70 70 60 70 70 20 85 95 0 20 0]"
226,9,"[115 60 115 70 60 125 60 60 75 130 45 120 10 40]"
228,10,"[20 95 0 70 70 60 70 70 20 85 95 0 20 0]"
228,8,"[25 10 65 35 55 35 5 110 60 15 85 25 70 75]"
228,9,"[60 50 50 90 70 80 50 30 90 50 50 80 60 40]"
228,5,"[25 60 5 40 40 65 90 25 30 0 90 5 65 30]"
228,7,"[30 10 20 10 50 40 40 0 30 20 20 20 20 30]"
228,10,"[115 60 115 70 60 125 60 60 75 130 45 120 10 40]"
228,9,"[10 40 0 40 40 0 30 20 60 30 30 30 20 20]"
228,10,"[60 30 50 30 70 60 60 10 110 80 50 70 40 50]"
229,4,"[60 50 50 90 70 80 50 30 90 50 50 80 60 40]"
229,5,"[60 30 50 30 70 60 60 10 110 80 50 70 40 50]"
229,5,"[25 10 65 35 55 35 5 110 60 15 85 25 70 75]"
229,7,"[25 60 5 40 40 65 90 25 30 0 90 5 65 30]"
229,6,"[115 60 115 70 60 125 60 60 75 130 45 120 10 40]"
229,7,"[30 10 20 10 50 40 40 0 30 20 20 20 20 30]"
229,4,"[20 95 0 70 70 60 70 70 20 85 95 0 20 0]"
229,8,"[10 40 0 40 40 0 30 20 60 30 30 30 20 20]"
230,11,"[25 10 65 35 55 35 5 110 60 15 85 25 70 75]"
230,10,"[60 30 50 30 70 60 60 10 110 80 50 70 40 50]"
230,5,"[10 40 0 40 40 0 30 20 60 30 30 30 20 20]"
230,11,"[20 95 0 70 70 60 70 70 20 85 95 0 20 0]"
230,7,"[25 60 5 40 40 65 90 25 30 0 90 5 65 30]"
230,4,"[60 50 50 90 70 80 50 30 90 50 50 80 60 40]"
230,6,"[30 10 20 10 50 40 40 0 30 20 20 20 20 30]"
233,11,"[20 95 0 70 70 60 70 70 20 85 95 0 20 0]"
233,14,"[60 30 50 30 70 60 60 10 110 80 50 70 40 50]"
233,13,"[25 60 5 40 40 65 90 25 30 0 90 5 65 30]"
233,14,"[30 10 20 10 50 40 40 0 30 20 20 20 20 30]"
233,9,"[25 10 65 35 55 35 5 110 60 15 85 25 70 75]"
233,12,"[115 60 115 70 60 125 60 60 75 130 45 120 10 40]"
233,9,"[10 40 0 40 40 0 30 20 60 30 30 30 20 20]"
233,11,"[60 50 50 90 70 80 50 30 90 50 50 80 60 40]"
234,9,"[60 50 50 90 70 80 50 30 90 50 50 80 60 40]"
234,8,"[25 10 65 35 55 35 5 110 60 15 85 25 70 75]"
234,11,"[20 95 0 70 70 60 70 70 20 85 95 0 20 0]"
234,4,"[115 60 115 70 60 125 60 60 75 130 45 120 10 40]"
234,4,"[25 60 5 40 40 65 90 25 30 0 90 5 65 30]"
234,10,"[60 30 50 30 70 60 60 10 110 80 50 70 40 50]"
234,9,"[30 10 20 10 50 40 40 0 30 20 20 20 20 30]"
234,7,"[10 40 0 40 40 0 30 20 60 30 30 30 20 20]"
235,6,"[25 10 65 35 55 35 5 110 60 15 85 25 70 75]"
235,14,"[30 10 20 10 50 40 40 0 30 20 20 20 20 30]"
235,9,"[10 40 0 40 40 0 30 20 60 30 30 30 20 20]"
235,2,"[20 95 0 70 70 60 70 70 20 85 95 0 20 0]"
235,12,"[60 30 50 30 70 60 60 10 110 80 50 70 40 50]"
235,1,"[25 60 5 40 40 65 90 25 30 0 90 5 65 30]"
235,6,"[115 60 115 70 60 125 60 60 75 130 45 120 10 40]"
235,4,"[60 50 50 90 70 80 50 30 90 50 50 80 60 40]"
237,11,"[25 60 5 40 40 65 90 25 30 0 90 5 65 30]"
237,1,"[25 10 65 35 55 35 5 110 60 15 85 25 70 75]"
237,1,"[115 60 115 70 60 125 60 60 75 130 45 120 10 40]"
237,12,"[60 50 50 90 70 80 50 30 90 50 50 80 60 40]"
237,10,"[30 10 20 10 50 40 40 0 30 20 20 20 20 30]"
237,2,"[20 95 0 70 70 60 70 70 20 85 95 0 20 0]"
239,11,"[10 40 0 40 40 0 30 20 60 30 30 30 20 20]"
239,13,"[25 60 5 40 40 65 90 25 30 0 90 5 65 30]"
239,14,"[25 10 65 35 55 35 5 110 60 15 85 25 70 75]"
239,6,"[30 10 20 10 50 40 40 0 30 20 20 20 20 30]"
239,12,"[60 30 50 30 70 60 60 10 110 80 50 70 40 50]"
239,10,"[115 60 115 70 60 125 60 60 75 130 45 120 10 40]"
239,9,"[20 95 0 70 70 60 70 70 20 85 95 0 20 0]"
239,13,"[60 50 50 90 70 80 50 30 90 50 50 80 60 40]"
240,14,"[25 10 65 35 55 35 5 110 60 15 85 25 70 75]"
240,4,"[60 50 50 90 70 80 50 30 90 50 50 80 60 40]"
240,3,"[115 60 115 70 60 125 60 60 75 130 45 120 10 40]"
240,9,"[30 10 20 10 50 40 40 0 30 20 20 20 20 30]"
240,11,"[60 30 50 30 70 60 60 10 110 80 50 70 40 50]"
240,2,"[25 60 5 40 40 65 90 25 30 0 90 5 65 30]"
240,9,"[10 40 0 40 40 0 30 20 60 30 30 30 20 20]"
240,2,"[20 95 0 70 70 60 70 70 20 85 95 0 20 0]"
242,11,"[20 95 0 70 70 60 70 70 20 85 95 0 20 0]"
242,5,"[30 10 20 10 50 40 40 0 30 20 20 20 20 30]"
242,6,"[25 60 5 40 40 65 90 25 30 0 90 5 65 30]"
242,1,"[115 60 115 70 60 125 60 60 75 130 45 120 10 40]"
242,10,"[10 40 0 40 40 0 30 20 60 30 30 30 20 20]"
242,9,"[60 50 50 90 70 80 50 30 90 50 50 80 60 40]"
242,11,"[25 10 65 35 55 35 5 110 60 15 85 25 70 75]"
244,4,"[60 30 50 30 70 60 60 10 110 80 50 70 40 50]"
244,7,"[25 60 5 40 40 65 90 25 30 0 90 5 65 30]"
244,4,"[60 50 50 90 70 80 50 30 90 50 50 80 60 40]"
244,7,"[30 10 20 10 50 40 40 0 30 20 20 20 20 30]"
244,14,"[25 10 65 35 55 35 5 110 60 15 85 25 70 75]"
244,4,"[10 40 0 40 40 0 30 20 60 30 30 30 20 20]"
244,3,"[115 60 115 70 60 125 60 60 75 130 45 120 10 40]"
244,2,"[20 95 0 70 70 60 70 70 20 85 95 0 20 0]"
247,5,"[25 10 65 35 55 35 5 110 60 15 85 25 70 75]"
247,10,"[20 95 0 70 70 60 70 70 20 85 95 0 20 0]"
247,7,"[30 10 20 10 50 40 40 0 30 20 20 20 20 30]"
247,13,"[25 60 5 40 40 65 90 25 30 0 90 5 65 30]"
247,5,"[60 30 50 30 70 60 60 10 110 80 50 70 40 50]"
247,1,"[115 60 115 70 60 125 60 60 75 130 45 120 10 40]"
247,9,"[60 50 50 90 70 80 50 30 90 50 50 80 60 40]"
247,2,"[10 40 0 40 40 0 30 20 60 30 30 30 20 20]"
248,9,"[60 30 50 30 70 60 60 10 110 80 50 70 40 50]"
248,13,"[25 60 5 40 40 65 90 25 30 0 90 5 65 30]"
248,10,"[115 60 115 70 60 125 60 60 75 130 45 120 10 40]"
248,7,"[30 10 20 10 50 40 40 0 30 20 20 20 20 30]"
248,14,"[25 10 65 35 55 35 5 110 60 15 85 25 70 75]"
248,6,"[60 50 50 90 70 80 50 30 90 50 50 80 60 40]"
248,2,"[20 95 0 70 70 60 70 70 20 85 95 0 20 0]"
248,2,"[10 40 0 40 40 0 30 20 60 30 30 30 20 20]"
250,9,"[25 10 65 35 55 35 5 110 60 15 85 25 70 75]"
250,1,"[115 60 115 70 60 125 60 60 75 130 45 120 10 40]"
250,2,"[25 60 5 40 40 65 90 25 30 0 90 5 65 30]"
250,9,"[60 50 50 90 70 80 50 30 90 50 50 80 60 40]"
250,11,"[60 30 50 30 70 60 60 10 110 80 50 70 40 50]"
250,2,"[20 95 0 70 70 60 70 70 20 85 95 0 20 0]"
250,5,"[30 10 20 10 50 40 40 0 30 20 20 20 20 30]"
250,9,"[10 40 0 40 40 0 30 20 60 30 30 30 20 20]"
252,14,"[10 40 0 40 40 0 30 20 60 30 30 30 20 20]"
252,5,"[25 60 5 40 40 65 90 25 30 0 90 5 65 30]"
252,7,"[30 10 20 10 50 40 40 0 30 20 20 20 20 30]"
252,7,"[60 50 50 90 70 80 50 30 90 50 50 80 60 40]"
252,3,"[115 60 115 70 60 125 60 60 75 130 45 120 10 40]"
253,13,"[25 60 5 40 40 65 90 25 30 0 90 5 65 30]"
253,10,"[115 60 115 70 60 125 60 60 75 130 45 120 10 40]"
253,5,"[30 10 20 10 50 40 40 0 30 20 20 20 20 30]"
253,9,"[60 30 50 30 70 60 60 10 110 80 50 70 40 50]"
253,4,"[10 40 0 40 40 0 30 20 60 30 30 30 20 20]"
253,2,"[20 95 0 70 70 60 70 70 20 85 95 0 20 0]"
253,11,"[25 10 65 35 55 35 5 110 60 15 85 25 70 75]"
257,11,"[20 95 0 70 70 60 70 70 20 85 95 0 20 0]"
257,7,"[10 40 0 40 40 0 30 20 60 30 30 30 20 20]"
257,7,"[30 10 20 10 50 40 40 0 30 20 20 20 20 30]"
257,9,"[60 30 50 30 70 60 60 10 110 80 50 70 40 50]"
257,1,"[60 50 50 90 70 80 50 30 90 50 50 80 60 40]"
257,12,"[115 60 115 70 60 125 60 60 75 130 45 120 10 40]"
257,11,"[25 60 5 40 40 65 90 25 30 0 90 5 65 30]"
257,9,"[25 10 65 35 55 35 5 110 60 15 85 25 70 75]"
258,7,"[30 10 20 10 50 40 40 0 30 20 20 20 20 30]"
258,5,"[60 50 50 90 70 80 50 30 90 50 50 80 60 40]"
258,8,"[25 60 5 40 40 65 90 25 30 0 90 5 65 30]"
258,9,"[25 10 65 35 55 35 5 110 60 15 85 25 70 75]"
258,9,"[10 40 0 40 40 0 30 20 60 30 30 30 20 20]"
258,6,"[115 60 115 70 60 125 60 60 75 130 45 120 10 40]"
258,7,"[20 95 0 70 70 60 70 70 20 85 95 0 20 0]"
261,10,"[20 95 0 70 70 60 70 70 20 85 95 0 20 0]"
261,6,"[115 60 115 70 60 125 60 60 75 130 45 120 10 40]"
261,9,"[60 50 50 90 70 80 50 30 90 50 50 80 60 40]"
261,8,"[25 10 65 35 55 35 5 110 60 15 85 25 70 75]"
261,10,"[10 40 0 40 40 0 30 20 60 30 30 30 20 20]"
261,9,"[60 30 50 30 70 60 60 10 110 80 50 70 40 50]"
261,2,"[25 60 5 40 40 65 90 25 30 0 90 5 65 30]"
262,6,"[20 95 0 70 70 60 70 70 20 85 95 0 20 0]"
262,6,"[115 60 115 70 60 125 60 60 75 130 45 120 10 40]"
262,4,"[60 50 50 90 70 80 50 30 90 50 50 80 60 40]"
262,9,"[60 30 50 30 70 60 60 10 110 80 50 70 40 50]"
262,6,"[25 60 5 40 40 65 90 25 30 0 90 5 65 30]"
262,9,"[10 40 0 40 40 0 30 20 60 30 30 30 20 20]"
262,9,"[25 10 65 35 55 35 5 110 60 15 85 25 70 75]"
263,6,"[10 40 0 40 40 0 30 20 60 30 30 30 20 20]"
263,4,"[25 10 65 35 55 35 5 110 60 15 85 25 70 75]"
263,12,"[30 10 20 10 50 40 40 0 30 20 20 20 20 30]"
263,1,"[115 60 115 70 60 125 60 60 75 130 45 120 10 40]"
263,5,"[20 95 0 70 70 60 70 70 20 85 95 0 20 0]"
263,11,"[60 30 50 30 70 60 60 10 110 80 50 70 40 50]"
263,9,"[60 50 50 90 70 80 50 30 90 50 50 80 60 40]"
264,4,"[60 50 50 90 70 80 50 30 90 50 50 80 60 40]"
264,2,"[10 40 0 40 40 0 30 20 60 30 30 30 20 20]"
264,14,"[25 60 5 40 40 65 90 25 30 0 90 5 65 30]"
264,14,"[25 10 65 35 55 35 5 110 60 15 85 25 70 75]"
264,1,"[60 30 50 30 70 60 60 10 110 80 50 70 40 50]"
264,2,"[20 95 0 70 70 60 70 70 20 85 95 0 20 0]"
264,3,"[115 60 115 70 60 125 60 60 75 130 45 120 10 40]"
266,11,"[20 95 0 70 70 60 70 70 20 85 95 0 20 0]"
266,12,"[60 30 50 30 70 60 60 10 110 80 50 70 40 50]"
266,11,"[60 50 50 90 70 80 50 30 90 50 50 80 60 40]"
266,9,"[30 10 20 10 50 40 40 0 30 20 20 20 20 30]"
266,5,"[10 40 0 40 40 0 30 20 60 30 30 30 20 20]"
267,6,"[115 60 115 70 60 125 60 60 75 130 45 120 10 40]"
267,11,"[25 10 65 35 55 35 5 110 60 15 85 25 70 75]"
267,9,"[60 30 50 30 70 60 60 10 110 80 50 70 40 50]"
267,11,"[20 95 0 70 70 60 70 70 20 85 95 0 20 0]"
267,9,"[10 40 0 40 40 0 30 20 60 30 30 30 20 20]"
267,9,"[60 50 50 90 70 80 50 30 90 50 50 80 60 40]"
267,7,"[30 10 20 10 50 40 40 0 30 20 20 20 20 30]"
269,4,"[60 50 50 90 70 80 50 30 90 50 50 80 60 40]"
269,5,"[25 60 5 40 40 65 90 25 30 0 90 5 65 30]"
269,7,"[25 10 65 35 55 35 5 110 60 15 85 25 70 75]"
269,7,"[60 30 50 30 70 60 60 10 110 80 50 70 40 50]"
269,4,"[20 95 0 70 70 60 70 70 20 85 95 0 20 0]"
269,7,"[30 10 20 10 50 40 40 0 30 20 20 20 20 30]"
269,9,"[10 40 0 40 40 0 30 20 60 30 30 30 20 20]"
270,10,"[115 60 115 70 60 125 60 60 75 130 45 120 10 40]"
270,7,"[60 50 50 90 70 80 50 30 90 50 50 80 60 40]"
270,2,"[25 60 5 40 40 65 90 25 30 0 90 5 65 30]"
270,2,"[20 95 0 70 70 60 70 70 20 85 95 0 20 0]"
270,5,"[25 10 65 35 55 35 5 110 60 15 85 25 70 75]"
270,5,"[10 40 0 40 40 0 30 20 60 30 30 30 20 20]"
270,9,"[30 10 20 10 50 40 40 0 30 20 20 20 20 30]"
271,8,"[20 95 0 70 70 60 70 70 20 85 95 0 20 0]"
271,7,"[25 10 65 35 55 35 5 110 60 15 85 25 70 75]"
271,9,"[60 30 50 30 70 60 60 10 110 80 50 70 40 50]"
271,9,"[10 40 0 40 40 0 30 20 60 30 30 30 20 20]"
271,10,"[115 60 115 70 60 125 60 60 75 130 45 120 10 40]"
271,7,"[30 10 20 10 50 40 40 0 30 20 20 20 20 30]"
271,9,"[60 50 50 90 70 80 50 30 90 50 50 80 60 40]"
272,9,"[60 50 50 90 70 80 50 30 90 50 50 80 60 40]"
272,11,"[20 95 0 70 70 60 70 70 20 85 95 0 20 0]"
272,3,"[115 60 115 70 60 125 60 60 75 130 45 120 10 40]"
272,9,"[10 40 0 40 40 0 30 20 60 30 30 30 20 20]"
272,9,"[60 30 50 30 70 60 60 10 110 80 50 70 40 50]"
272,6,"[30 10 20 10 50 40 40 0 30 20 20 20 20 30]"
272,7,"[25 60 5 40 40 65 90 25 30 0 90 5 65 30]"
273,10,"[25 10 65 35 55 35 5 110 60 15 85 25 70 75]"
273,11,"[25 60 5 40 40 65 90 25 30 0 90 5 65 30]"
273,10,"[60 30 50 30 70 60 60 10 110 80 50 70 40 50]"
273,7,"[10 40 0 40 40 0 30 20 60 30 30 30 20 20]"
273,11,"[20 95 0 70 70 60 70 70 20 85 95 0 20 0]"
273,5,"[30 10 20 10 50 40 40 0 30 20 20 20 20 30]"
273,10,"[115 60 115 70 60 125 60 60 75 130 45 120 10 40]"
273,9,"[60 50 50 90 70 80 50 30 90 50 50 80 60 40]"
276,5,"[20 95 0 70 70 60 70 70 20 85 95 0 20 0]"
276,12,"[115 60 115 70 60 125 60 60 75 130 45 120 10 40]"
276,7,"[60 30 50 30 70 60 60 10 110 80 50 70 40 50]"
276,5,"[30 10 20 10 50 40 40 0 30 20 20 20 20 30]"
276,12,"[60 50 50 90 70 80 50 30 90 50 50 80 60 40]"
276,5,"[25 10 65 35 55 35 5 110 60 15 85 25 70 75]"
276,7,"[25 60 5 40 40 65 90 25 30 0 90 5 65 30]"
277,7,"[60 50 50 90 70 80 50 30 90 50 50 80 60 40]"
277,9,"[60 30 50 30 70 60 60 10 110 80 50 70 40 50]"
277,10,"[20 95 0 70 70 60 70 70 20 85 95 0 20 0]"
277,7,"[30 10 20 10 50 40 40 0 30 20 20 20 20 30]"
277,8,"[25 60 5 40 40 65 90 25 30 0 90 5 65 30]"
277,1,"[25 10 65 35 55 35 5 110 60 15 85 25 70 75]"
277,6,"[115 60 115 70 60 125 60 60 75 130 45 120 10 40]"
277,5,"[10 40 0 40 40 0 30 20 60 30 30 30 20 20]"
279,9,"[60 30 50 30 70 60 60 10 110 80 50 70 40 50]"
279,14,"[25 10 65 35 55 35 5 110 60 15 85 25 70 75]"
279,3,"[115 60 115 70 60 125 60 60 75 130 45 120 10 40]"
279,2,"[20 95 0 70 70 60 70 70 20 85 95 0 20 0]"
279,11,"[25 60 5 40 40 65 90 25 30 0 90 5 65 30]"
279,2,"[10 40 0 40 40 0 30 20 60 30 30 30 20 20]"
279,9,"[60 50 50 90 70 80 50 30 90 50 50 80 60 40]"
279,7,"[30 10 20 10 50 40 40 0 30 20 20 20 20 30]"
280,5,"[30 10 20 10 50 40 40 0 30 20 20 20 20 30]"
280,7,"[25 60 5 40 40 65 90 25 30 0 90 5 65 30]"
280,5,"[20 95 0 70 70 60 70 70 20 85 95 0 20 0]"
280,9,"[10 40 0 40 40 0 30 20 60 30 30 30 20 20]"
280,6,"[60 50 50 90 70 80 50 30 90 50 50 80 60 40]"
280,1,"[60 30 50 30 70 60 60 10 110 80 50 70 40 50]"
282,4,"[60 50 50 90 70 80 50 30 90 50 50 80 60 40]"
282,6,"[25 60 5 40 40 65 90 25 30 0 90 5 65 30]"
282,11,"[25 10 65 35 55 35 5 110 60 15 85 25 70 75]"
282,12,"[30 10 20 10 50 40 40 0 30 20 20 20 20 30]"
282,5,"[10 40 0 40 40 0 30 20 60 30 30 30 20 20]"
282,10,"[60 30 50 30 70 60 60 10 110 80 50 70 40 50]"
283,3,"[115 60 115 70 60 125 60 60 75 130 45 120 10 40]"
283,4,"[20 95 0 70 70 60 70 70 20 85 95 0 20 0]"
283,7,"[60 50 50 90 70 80 50 30 90 50 50 80 60 40]"
283,3,"[25 10 65 35 55 35 5 110 60 15 85 25 70 75]"
283,9,"[30 10 20 10 50 40 40 0 30 20 20 20 20 30]"
285,4,"[60 50 50 90 70 80 50 30 90 50 50 80 60 40]"
285,10,"[10 40 0 40 40 0 30 20 60 30 30 30 20 20]"
285,7,"[30 10 20 10 50 40 40 0 30 20 20 20 20 30]"
285,11,"[20 95 0 70 70 60 70 70 20 85 95 0 20 0]"
285,6,"[60 30 50 30 70 60 60 10 110 80 50 70 40 50]"
285,7,"[25 10 65 35 55 35 5 110 60 15 85 25 70 75]"
285,10,"[115 60 115 70 60 125 60 60 75 130 45 120 10 40]"
289,13,"[25 10 65 35 55 35 5 110 60 15 85 25 70 75]"
289,11,"[60 30 50 30 70 60 60 10 110 80 50 70 40 50]"
289,4,"[60 50 50 90 70 80 50 30 90 50 50 80 60 40]"
289,7,"[20 95 0 70 70 60 70 70 20 85 95 0 20 0]"
289,14,"[25 60 5 40 40 65 90 25 30 0 90 5 65 30]"
289,7,"[30 10 20 10 50 40 40 0 30 20 20 20 20 30]"
289,6,"[115 60 115 70 60 125 60 60 75 130 45 120 10 40]"
289,2,"[10 40 0 40 40 0 30 20 60 30 30 30 20 20]"
290,7,"[25 10 65 35 55 35 5 110 60 15 85 25 70 75]"
290,4,"[20 95 0 70 70 60 70 70 20 85 95 0 20 0]"
290,7,"[30 10 20 10 50 40 40 0 30 20 20 20 20 30]"
290,4,"[60 50 50 90 70 80 50 30 90 50 50 80 60 40]"
290,7,"[25 60 5 40 40 65 90 25 30 0 90 5 65 30]"
290,12,"[10 40 0 40 40 0 30 20 60 30 30 30 20 20]"
290,14,"[115 60 115 70 60 125 60 60 75 130 45 120 10 40]"
290,11,"[60 30 50 30 70 60 60 10 110 80 50 70 40 50]"
292,9,"[25 10 65 35 55 35 5 110 60 15 85 25 70 75]"
292,3,"[115 60 115 70 60 125 60 60 75 130 45 120 10 40]"
292,9,"[10 40 0 40 40 0 30 20 60 30 30 30 20 20]"
292,4,"[25 60 5 40 40 65 90 25 30 0 90 5 65 30]"
292,9,"[60 50 50 90 70 80 50 30 90 50 50 80 60 40]"
292,4,"[20 95 0 70 70 60 70 70 20 85 95 0 20 0]"
292,9,"[60 30 50 30 70 60 60 10 110 80 50 70 40 50]"
292,5,"[30 10 20 10 50 40 40 0 30 20 20 20 20 30]"
295,10,"[115 60 115 70 60 125 60 60 75 130 45 120 10 40]"
295,9,"[20 95 0 70 70 60 70 70 20 85 95 0 20 0]"
295,4,"[60 50 50 90 70 80 50 30 90 50 50 80 60 40]"
295,10,"[10 40 0 40 40 0 30 20 60 30 30 30 20 20]"
295,5,"[25 60 5 40 40 65 90 25 30 0 90 5 65 30]"
295,14,"[30 10 20 10 50 40 40 0 30 20 20 20 20 30]"
295,1,"[60 30 50 30 70 60 60 10 110 80 50 70 40 50]"
295,11,"[25 10 65 35 55 35 5 110 60 15 85 25 70 75]"
