"V1","V2","V3","V4","V5","V6","V7","V8","V9","V10","V11","V12"
13,6,10,1,9,2,13,12,13,15,15,10
13,6,10,1,9,2,13,12,13,15,15,10
13,6,10,1,9,2,13,12,13,15,15,10
13,6,10,1,9,2,13,12,13,15,15,10
13,6,10,1,9,2,13,12,13,15,15,10
13,6,10,1,9,2,13,12,13,15,15,10
13,6,10,1,9,2,13,12,13,15,15,10
13,6,10,1,9,2,13,12,13,15,15,10
13,6,10,1,9,2,13,12,13,15,15,10
13,6,10,1,9,2,13,12,13,15,15,10
13,6,10,1,9,2,13,12,13,15,15,10
13,6,10,1,9,2,13,12,13,15,15,10
13,6,10,1,9,2,13,12,13,15,15,10
13,6,10,1,9,2,13,12,13,15,15,10
13,6,10,1,9,2,13,12,13,15,15,10
13,6,10,1,9,2,13,12,13,15,15,10
13,6,10,1,9,2,13,12,13,15,15,10
13,6,10,1,9,2,13,12,13,15,15,10
13,6,10,1,9,2,13,12,13,15,15,10
13,6,10,1,9,2,13,12,13,15,15,10
13,6,10,1,9,2,13,12,13,15,15,10
13,6,10,1,9,2,13,12,13,15,15,10
13,6,10,1,9,2,13,12,13,15,15,10
13,6,10,1,9,2,13,12,13,15,15,10
13,6,10,1,9,2,13,12,13,15,15,10
13,6,10,1,9,2,13,12,13,15,15,10
13,6,10,1,9,2,13,12,13,15,15,10
13,6,10,1,9,2,13,12,13,15,15,10
13,6,10,1,9,2,13,12,13,15,15,10
13,6,10,1,9,2,13,12,13,15,15,10
13,6,10,1,9,2,13,12,13,15,15,10
13,6,10,1,9,2,13,12,13,15,15,10
13,6,10,1,9,2,13,12,13,15,15,10
13,6,10,1,9,2,13,12,13,15,15,10
13,6,10,1,9,2,13,12,13,15,15,10
13,6,10,1,9,2,13,12,13,15,15,10
13,6,10,1,9,2,13,12,13,15,15,10
13,6,10,1,9,2,13,12,13,15,15,10
13,6,10,1,9,2,13,12,13,15,15,10
13,6,10,1,9,2,13,12,13,15,15,10
13,6,10,1,9,2,13,12,13,15,15,10
13,6,10,1,9,2,13,12,13,15,15,10
13,6,10,1,9,2,13,12,13,15,15,10
13,6,10,1,9,2,13,12,13,15,15,10
13,6,10,1,9,2,13,12,13,15,15,10
13,6,10,1,9,2,13,12,13,15,15,10
13,6,10,1,9,2,13,12,13,15,15,10
13,6,10,1,9,2,13,12,13,15,15,10
13,6,10,1,9,2,13,12,13,15,15,10
13,6,10,1,9,2,13,12,13,15,15,10
13,6,10,1,9,2,13,12,13,15,15,10
13,6,10,1,9,2,13,12,13,15,15,10
13,6,10,1,9,2,13,12,13,15,15,10
13,6,10,1,9,2,13,12,13,15,15,10
13,6,10,1,9,2,13,12,13,15,15,10
13,6,10,1,9,2,13,12,13,15,15,10
13,6,10,1,9,2,13,12,13,15,15,10
13,6,10,1,9,2,13,12,13,15,15,10
13,6,10,1,9,2,13,12,13,15,15,10
13,6,10,1,9,2,13,12,13,15,15,10
13,6,10,1,9,2,13,12,13,15,15,10
13,6,10,1,9,2,13,12,13,15,15,10
13,6,10,1,9,2,13,12,13,15,15,10
13,6,10,1,9,2,13,12,13,15,15,10
13,6,10,1,9,2,13,12,13,15,15,10
13,6,10,1,9,2,13,12,13,15,15,10
13,6,10,1,9,2,13,12,13,15,15,10
13,6,10,1,9,2,13,12,13,15,15,10
13,6,10,1,9,2,13,12,13,15,15,10
13,6,10,1,9,2,13,12,13,15,15,10
13,6,10,1,9,2,13,12,13,15,15,10
13,6,10,1,9,2,13,12,13,15,15,10
13,6,10,1,9,2,13,12,13,15,15,10
13,6,10,1,9,2,13,12,13,15,15,10
13,6,10,1,9,2,13,12,13,15,15,10
13,6,10,1,9,2,13,12,13,15,15,10
13,6,10,1,9,2,13,12,13,15,15,10
13,6,10,1,9,2,13,12,13,15,15,10
13,6,10,1,9,2,13,12,13,15,15,10
13,6,10,1,9,2,13,12,13,15,15,10
13,6,10,1,9,2,13,12,13,15,15,10
13,6,10,1,9,2,13,12,13,15,15,10
13,6,10,1,9,2,13,12,13,15,15,10
13,6,10,1,9,2,13,12,13,15,15,10
13,6,10,1,9,2,13,12,13,15,15,10
13,6,10,1,9,2,13,12,13,15,15,10
13,6,10,1,9,2,13,12,13,15,15,10
13,6,10,1,9,2,13,12,13,15,15,10
13,6,10,1,9,2,13,12,13,15,15,10
13,6,10,1,9,2,13,12,13,15,15,10
13,6,10,1,9,2,13,12,13,15,15,10
13,6,10,1,9,2,13,12,13,15,15,10
13,6,10,1,9,2,13,12,13,15,15,10
13,6,10,1,9,2,13,12,13,15,15,10
13,6,10,1,9,2,13,12,13,15,15,10
13,6,10,1,9,2,13,12,13,15,15,10
13,6,10,1,9,2,13,12,13,15,15,10
13,6,10,1,9,2,13,12,13,15,15,10
13,6,10,1,9,2,13,12,13,15,15,10
13,6,10,1,9,2,13,12,13,15,15,10
13,6,10,1,9,2,13,12,13,15,15,10
13,6,10,1,9,2,13,12,13,15,15,10
13,6,10,1,9,2,13,12,13,15,15,10
13,6,10,1,9,2,13,12,13,15,15,10
13,6,10,1,9,2,13,12,13,15,15,10
13,6,10,1,9,2,13,12,13,15,15,10
13,6,10,1,9,2,13,12,13,15,15,10
13,6,10,1,9,2,13,12,13,15,15,10
13,6,10,1,9,2,13,12,13,15,15,10
13,6,10,1,9,2,13,12,13,15,15,10
13,6,10,1,9,2,13,12,13,15,15,10
13,6,10,1,9,2,13,12,13,15,15,10
13,6,10,1,9,2,13,12,13,15,15,10
13,6,10,1,9,2,13,12,13,15,15,10
13,6,10,1,9,2,13,12,13,15,15,10
13,6,10,1,9,2,13,12,13,15,15,10
13,6,10,1,9,2,13,12,13,15,15,10
13,6,10,1,9,2,13,12,13,15,15,10
13,6,10,1,9,2,13,12,13,15,15,10
